-- =============================================================================
-- FrontCRM 空库全量脚本（当前 EF 模型 DDL + 种子数据）
-- 生成方式：dotnet ef dbcontext script（Infrastructure 为启动项目，需设置
--   环境变量 ConnectionStrings__DefaultConnection，值可为占位连接串）
-- 依赖：种子段会 CREATE EXTENSION IF NOT EXISTS pgcrypto（用于 gen_random_uuid）
-- 密码：BCrypt（Password 列）；职员 123456；管理员 Admin / Admin123
--
-- 演示账号（登录名 / 密码）：
--   Admin / Admin123  — 系统管理员（SYS_ADMIN，挂销售部主职）
--   sales_director | sales_manager | sales_staff — 123456
--   pur_director | pur_manager | pur_buyer1..4 — 123456（4 名采购员均含 purchase_buyer）
--   biz_* | purops_* | log_* | fin_* — 123456（总监/经理/员工）
-- 警告：仅用于初始化/测试；生产务必改密并复核权限
-- =============================================================================

CREATE TABLE biz_draft (
    "DraftId" character varying(36) NOT NULL,
    "UserId" bigint NOT NULL,
    "EntityType" character varying(50) NOT NULL,
    "DraftName" character varying(200),
    "PayloadJson" text NOT NULL,
    "Status" smallint NOT NULL DEFAULT 0,
    "Remark" character varying(500),
    "ConvertedEntityId" character varying(36),
    "ConvertedAt" timestamp with time zone,
    "CreateTime" timestamp with time zone NOT NULL,
    "CreateUserId" bigint,
    "ModifyTime" timestamp with time zone,
    "ModifyUserId" bigint,
    CONSTRAINT "PK_biz_draft" PRIMARY KEY ("DraftId")
);


CREATE TABLE component_cache (
    "Id" bigint GENERATED BY DEFAULT AS IDENTITY,
    "Mpn" character varying(100) NOT NULL,
    "ManufacturerName" character varying(200),
    "ShortDescription" character varying(500),
    "Description" text,
    "LifecycleStatus" character varying(50),
    "PackageType" character varying(100),
    "IsRoHSCompliant" boolean,
    "SpecsJson" text,
    "SellersJson" text,
    "AlternativesJson" text,
    "ApplicationsJson" text,
    "PriceTrendJson" text,
    "NewsJson" text,
    "DataSource" character varying(50) NOT NULL,
    "FetchedAt" timestamp with time zone NOT NULL,
    "CreateTime" timestamp with time zone NOT NULL,
    "UpdateTime" timestamp with time zone,
    "QueryCount" integer NOT NULL,
    CONSTRAINT "PK_component_cache" PRIMARY KEY ("Id")
);


CREATE TABLE customercontacthistory (
    "HistoryId" character varying(36) NOT NULL,
    "CustomerId" character varying(36) NOT NULL,
    "Type" character varying(50) NOT NULL,
    "Subject" character varying(200),
    "Content" character varying(500),
    "ContactPerson" character varying(100),
    "Time" timestamp with time zone NOT NULL,
    "NextFollowUpTime" timestamp with time zone,
    "Result" character varying(500),
    "OperatorId" character varying(36),
    "CreateTime" timestamp with time zone NOT NULL,
    "CreateUserId" bigint,
    "ModifyTime" timestamp with time zone,
    "ModifyUserId" bigint,
    CONSTRAINT "PK_customercontacthistory" PRIMARY KEY ("HistoryId")
);


CREATE TABLE customerinfo (
    "CustomerId" character varying(36) NOT NULL,
    "CustomerCode" character varying(16) NOT NULL,
    "OfficialName" character varying(128),
    "StandardOfficialName" character varying(128),
    "NickName" character varying(64),
    "Level" smallint NOT NULL,
    "Type" smallint,
    "Scale" smallint,
    "Background" smallint,
    "DealMode" smallint,
    "CompanyNature" smallint,
    "Country" smallint,
    "Industry" character varying(50),
    "Product" character varying(200),
    "Product2" character varying(200),
    "Application" character varying(200),
    "TradeCurrency" smallint,
    "TradeType" smallint,
    "Payment" smallint,
    "ExternalNumber" character varying(50),
    "CreditLine" numeric(18,2) NOT NULL,
    "CreditLineRemain" numeric(18,2) NOT NULL,
    "AscriptionType" smallint NOT NULL,
    "ProtectStatus" boolean NOT NULL,
    "ProtectFromUserId" character varying(36),
    "ProtectTime" timestamp with time zone,
    "Status" smallint NOT NULL DEFAULT 1,
    "BlackList" boolean NOT NULL,
    "DisenableStatus" boolean NOT NULL,
    "DisenableType" smallint,
    "CommonSeaAuditStatus" smallint,
    "Longitude" numeric(10,6),
    "Latitude" numeric(10,6),
    "CompanyInfo" text,
    "Remark" character varying(500),
    "DUNS" character varying(20),
    "IsControl" boolean NOT NULL,
    "CreditCode" character varying(18),
    "IdentityType" smallint,
    "SalesUserId" character varying(36),
    "IsDeleted" boolean NOT NULL DEFAULT FALSE,
    "DeletedAt" timestamp with time zone,
    "DeletedByUserId" character varying(36),
    "DeletedByUserName" character varying(64),
    "DeleteReason" character varying(500),
    "BlackListReason" character varying(500),
    "BlackListAt" timestamp with time zone,
    "BlackListByUserId" character varying(36),
    "BlackListByUserName" character varying(64),
    "CreateTime" timestamp with time zone NOT NULL,
    "CreateUserId" bigint,
    "ModifyTime" timestamp with time zone,
    "ModifyUserId" bigint,
    CONSTRAINT "PK_customerinfo" PRIMARY KEY ("CustomerId")
);


CREATE TABLE debug (
    "Name" character varying(32) NOT NULL,
    "Value" character varying(128) NOT NULL,
    CONSTRAINT "PK_debug" PRIMARY KEY ("Name")
);


CREATE TABLE document_daily_sequence (
    "TheDate" timestamp with time zone NOT NULL,
    "CurrentSequence" integer NOT NULL,
    CONSTRAINT "PK_document_daily_sequence" PRIMARY KEY ("TheDate")
);


CREATE TABLE financepayment (
    "FinancePaymentId" character varying(36) NOT NULL,
    "FinancePaymentCode" character varying(16) NOT NULL,
    "VendorId" character varying(36) NOT NULL,
    "VendorName" character varying(200),
    "Status" smallint NOT NULL,
    "PaymentAmountToBe" numeric(18,2) NOT NULL,
    "PaymentAmount" numeric(18,2) NOT NULL,
    "PaymentTotalAmount" numeric(18,2) NOT NULL,
    "PaymentCurrency" smallint NOT NULL,
    "PaymentDate" timestamp with time zone,
    "PaymentUserId" character varying(36),
    "PaymentMode" smallint NOT NULL,
    "Remark" character varying(500),
    "CreateTime" timestamp with time zone NOT NULL,
    "CreateUserId" bigint,
    "ModifyTime" timestamp with time zone,
    "ModifyUserId" bigint,
    CONSTRAINT "PK_financepayment" PRIMARY KEY ("FinancePaymentId")
);


CREATE TABLE financepurchaseinvoice (
    "FinancePurchaseInvoiceId" character varying(36) NOT NULL,
    "VendorId" character varying(36) NOT NULL,
    "VendorName" character varying(200),
    "InvoiceNo" character varying(32),
    "InvoiceAmount" numeric(18,2) NOT NULL,
    "BillAmount" numeric(18,2) NOT NULL,
    "TaxAmount" numeric(18,2) NOT NULL,
    "ExcludTaxAmount" numeric(18,2) NOT NULL,
    "InvoiceDate" timestamp with time zone,
    "ConfirmDate" timestamp with time zone,
    "ConfirmStatus" smallint NOT NULL,
    "RedInvoiceStatus" smallint NOT NULL,
    "Remark" character varying(500),
    "CreateTime" timestamp with time zone NOT NULL,
    "CreateUserId" bigint,
    "ModifyTime" timestamp with time zone,
    "ModifyUserId" bigint,
    CONSTRAINT "PK_financepurchaseinvoice" PRIMARY KEY ("FinancePurchaseInvoiceId")
);


CREATE TABLE financereceipt (
    "FinanceReceiptId" character varying(36) NOT NULL,
    "FinanceReceiptCode" character varying(16) NOT NULL,
    "CustomerId" character varying(36) NOT NULL,
    "CustomerName" character varying(200),
    "SalesUserId" character varying(36),
    "PurchaseGroupId" character varying(36),
    "Status" smallint NOT NULL,
    "ReceiptAmount" numeric(18,2) NOT NULL,
    "ReceiptCurrency" smallint NOT NULL,
    "ReceiptDate" timestamp with time zone,
    "ReceiptUserId" character varying(36),
    "ReceiptMode" smallint NOT NULL,
    "ReceiptBankId" character varying(36),
    "Remark" character varying(500),
    "CreateTime" timestamp with time zone NOT NULL,
    "CreateUserId" bigint,
    "ModifyTime" timestamp with time zone,
    "ModifyUserId" bigint,
    CONSTRAINT "PK_financereceipt" PRIMARY KEY ("FinanceReceiptId")
);


CREATE TABLE financesellinvoice (
    "FinanceSellInvoiceId" character varying(36) NOT NULL,
    "CustomerId" character varying(36) NOT NULL,
    "CustomerName" character varying(200),
    "InvoiceCode" character varying(32),
    "InvoiceNo" character varying(64),
    "InvoiceTotal" numeric(18,2) NOT NULL,
    "MakeInvoiceDate" timestamp with time zone,
    "ReceiveStatus" smallint NOT NULL,
    "ReceiveDone" numeric(18,2) NOT NULL,
    "ReceiveToBe" numeric(18,2) NOT NULL,
    "Currency" smallint NOT NULL,
    "Type" smallint NOT NULL,
    "InvoiceStatus" smallint NOT NULL,
    "SellInvoiceType" smallint NOT NULL,
    "Remark" character varying(500),
    "CreateTime" timestamp with time zone NOT NULL,
    "CreateUserId" bigint,
    "ModifyTime" timestamp with time zone,
    "ModifyUserId" bigint,
    CONSTRAINT "PK_financesellinvoice" PRIMARY KEY ("FinanceSellInvoiceId")
);


CREATE TABLE inventorycountplan (
    "Id" character varying(36) NOT NULL,
    "PlanMonth" character varying(7) NOT NULL,
    "WarehouseId" character varying(36) NOT NULL,
    "CreatorId" character varying(36) NOT NULL,
    "SubmitterId" character varying(36),
    "Status" smallint NOT NULL,
    "Remark" character varying(500),
    "CreateTime" timestamp with time zone NOT NULL,
    "CreateUserId" bigint,
    "ModifyTime" timestamp with time zone,
    "ModifyUserId" bigint,
    CONSTRAINT "PK_inventorycountplan" PRIMARY KEY ("Id")
);


CREATE TABLE stockledger (
    "Id" character varying(36) NOT NULL,
    "BizType" character varying(20) NOT NULL,
    "BizId" character varying(36) NOT NULL,
    "BizLineId" character varying(36),
    "MaterialId" character varying(36) NOT NULL,
    "WarehouseId" character varying(36) NOT NULL,
    "LocationId" character varying(36),
    "BatchNo" character varying(50),
    "QtyIn" numeric(18,4) NOT NULL,
    "QtyOut" numeric(18,4) NOT NULL,
    "UnitCost" numeric(18,6) NOT NULL,
    "Amount" numeric(18,2) NOT NULL,
    "Remark" character varying(500),
    "CreateTime" timestamp with time zone NOT NULL,
    "CreateUserId" bigint,
    "ModifyTime" timestamp with time zone,
    "ModifyUserId" bigint,
    CONSTRAINT "PK_stockledger" PRIMARY KEY ("Id")
);


CREATE TABLE materialcategory (
    "CategoryId" character varying(36) NOT NULL,
    "CategoryCode" character varying(50) NOT NULL,
    "CategoryName" character varying(100) NOT NULL,
    "ParentId" character varying(36),
    "Level" smallint NOT NULL,
    "SortOrder" integer NOT NULL,
    "Status" smallint NOT NULL,
    "Remark" character varying(500),
    "CreateTime" timestamp with time zone NOT NULL,
    "CreateUserId" bigint,
    "ModifyTime" timestamp with time zone,
    "ModifyUserId" bigint,
    CONSTRAINT "PK_materialcategory" PRIMARY KEY ("CategoryId"),
    CONSTRAINT "FK_materialcategory_materialcategory_ParentId" FOREIGN KEY ("ParentId") REFERENCES materialcategory ("CategoryId") ON DELETE RESTRICT
);


CREATE TABLE pickingtask (
    "Id" character varying(36) NOT NULL,
    "TaskCode" character varying(32) NOT NULL,
    "StockOutRequestId" character varying(36) NOT NULL,
    "WarehouseId" character varying(36) NOT NULL,
    "OperatorId" character varying(36) NOT NULL,
    "Status" smallint NOT NULL,
    "Remark" character varying(500),
    "CreateTime" timestamp with time zone NOT NULL,
    "CreateUserId" bigint,
    "ModifyTime" timestamp with time zone,
    "ModifyUserId" bigint,
    CONSTRAINT "PK_pickingtask" PRIMARY KEY ("Id")
);


CREATE TABLE purchaseorder (
    "PurchaseOrderId" character varying(36) NOT NULL,
    purchase_order_code character varying(32) NOT NULL,
    vendor_id character varying(36) NOT NULL,
    vendor_name character varying(200),
    vendor_code character varying(50),
    vendor_contact_id character varying(36),
    purchase_user_id character varying(36),
    purchase_user_name character varying(100),
    purchase_group_id character varying(36),
    sales_group_id character varying(36),
    status smallint NOT NULL DEFAULT 0,
    err_status smallint NOT NULL,
    type smallint NOT NULL,
    currency smallint NOT NULL,
    total numeric(18,2) NOT NULL,
    convert_total numeric(18,2) NOT NULL,
    item_rows integer NOT NULL,
    stock_status smallint NOT NULL,
    finance_status smallint NOT NULL,
    stock_out_status smallint NOT NULL,
    invoice_status smallint NOT NULL,
    delivery_address character varying(500),
    delivery_date timestamp with time zone,
    comment character varying(500),
    inner_comment character varying(500),
    "CreateTime" timestamp with time zone NOT NULL,
    "CreateUserId" bigint,
    "ModifyTime" timestamp with time zone,
    "ModifyUserId" bigint,
    CONSTRAINT "PK_purchaseorder" PRIMARY KEY ("PurchaseOrderId")
);


CREATE TABLE purchaserequisition (
    "PurchaseRequisitionId" character varying(36) NOT NULL,
    bill_code character varying(32) NOT NULL,
    sell_order_item_id character varying(36) NOT NULL,
    sell_order_id character varying(36) NOT NULL,
    qty numeric(18,4) NOT NULL,
    expected_purchase_time timestamp with time zone NOT NULL,
    status smallint NOT NULL,
    type smallint NOT NULL,
    purchase_user_id character varying(36),
    sales_user_id character varying(36),
    quote_vendor_id character varying(36),
    quote_cost numeric(18,6) NOT NULL,
    pn character varying(200),
    brand character varying(200),
    remark character varying(500),
    "CreateTime" timestamp with time zone NOT NULL,
    "CreateUserId" bigint,
    "ModifyTime" timestamp with time zone,
    "ModifyUserId" bigint,
    CONSTRAINT "PK_purchaserequisition" PRIMARY KEY ("PurchaseRequisitionId")
);


CREATE TABLE qcinfo (
    "UserId" character varying(36) NOT NULL,
    "QcCode" character varying(32) NOT NULL,
    "StockInNotifyId" character varying(36) NOT NULL,
    "StockInNotifyCode" character varying(32) NOT NULL,
    "Status" smallint NOT NULL DEFAULT 10,
    "StockInStatus" smallint NOT NULL DEFAULT 1,
    "PassQty" numeric(18,4) NOT NULL,
    "RejectQty" numeric(18,4) NOT NULL,
    "StockInId" character varying(36),
    "CreateTime" timestamp with time zone NOT NULL,
    "CreateUserId" bigint,
    "ModifyTime" timestamp with time zone,
    "ModifyUserId" bigint,
    CONSTRAINT "PK_qcinfo" PRIMARY KEY ("UserId")
);


CREATE TABLE quote (
    "QuoteId" character varying(36) NOT NULL,
    quote_code character varying(32) NOT NULL,
    rfq_id character varying(36),
    rfq_item_id character varying(36),
    mpn character varying(200),
    customer_id character varying(36),
    sales_user_id character varying(36),
    purchase_user_id character varying(36),
    quote_date timestamp with time zone NOT NULL DEFAULT (NOW()),
    status smallint NOT NULL DEFAULT 0,
    remark character varying(1000),
    "CreateTime" timestamp with time zone NOT NULL,
    "CreateUserId" bigint,
    "ModifyTime" timestamp with time zone,
    "ModifyUserId" bigint,
    CONSTRAINT "PK_quote" PRIMARY KEY ("QuoteId")
);


CREATE TABLE rfq (
    rfq_id character varying(36) NOT NULL,
    rfq_code character varying(32) NOT NULL,
    customer_id character varying(36),
    contact_id character varying(36),
    contact_email character varying(200),
    sales_user_id character varying(36),
    rfq_type smallint NOT NULL,
    quote_method smallint NOT NULL,
    assign_method smallint NOT NULL,
    industry character varying(100),
    product character varying(200),
    target_type smallint NOT NULL,
    importance smallint NOT NULL,
    is_last_inquiry boolean NOT NULL,
    project_background character varying(500),
    competitor character varying(200),
    status smallint NOT NULL DEFAULT 1,
    item_count integer NOT NULL,
    remark character varying(500),
    rfq_date timestamp with time zone NOT NULL DEFAULT (NOW()),
    "CreateTime" timestamp with time zone NOT NULL,
    "CreateUserId" bigint,
    "ModifyTime" timestamp with time zone,
    "ModifyUserId" bigint,
    CONSTRAINT "PK_rfq" PRIMARY KEY (rfq_id)
);


CREATE TABLE sellorder (
    "SellOrderId" character varying(36) NOT NULL,
    sell_order_code character varying(32) NOT NULL,
    customer_id character varying(36) NOT NULL,
    customer_name character varying(200),
    sales_user_id character varying(36),
    sales_user_name character varying(100),
    purchase_group_id character varying(36),
    status smallint NOT NULL DEFAULT 1,
    err_status smallint NOT NULL,
    type smallint NOT NULL,
    currency smallint NOT NULL,
    total numeric(18,2) NOT NULL,
    convert_total numeric(18,2) NOT NULL,
    item_rows integer NOT NULL,
    purchase_order_status smallint NOT NULL,
    stock_out_status smallint NOT NULL,
    stock_in_status smallint NOT NULL,
    finance_receipt_status smallint NOT NULL,
    finance_payment_status smallint NOT NULL,
    invoice_status smallint NOT NULL,
    delivery_address character varying(500),
    delivery_date timestamp with time zone,
    comment character varying(500),
    audit_remark character varying(500),
    "CreateTime" timestamp with time zone NOT NULL,
    "CreateUserId" bigint,
    "ModifyTime" timestamp with time zone,
    "ModifyUserId" bigint,
    CONSTRAINT "PK_sellorder" PRIMARY KEY ("SellOrderId")
);


CREATE TABLE stock (
    "StockId" character varying(36) NOT NULL,
    "MaterialId" character varying(36) NOT NULL,
    "WarehouseId" character varying(36) NOT NULL,
    "LocationId" character varying(36),
    "Unit" character varying(20),
    "BatchNo" character varying(50),
    "ProductionDate" timestamp with time zone,
    "ExpiryDate" timestamp with time zone,
    "Qty" numeric(18,4) NOT NULL,
    "QtyStockOut" numeric(18,4) NOT NULL,
    "QtyOccupy" numeric(18,4) NOT NULL,
    "QtySales" numeric(18,4) NOT NULL,
    "QtyRepertory" numeric(18,4) NOT NULL,
    "QtyRepertoryAvailable" numeric(18,4) NOT NULL,
    "Status" smallint NOT NULL,
    "RegionType" smallint NOT NULL DEFAULT 10,
    "Remark" character varying(500),
    "CreateTime" timestamp with time zone NOT NULL,
    "CreateUserId" bigint,
    "ModifyTime" timestamp with time zone,
    "ModifyUserId" bigint,
    CONSTRAINT "PK_stock" PRIMARY KEY ("StockId")
);


CREATE TABLE stockin (
    "StockInId" character varying(36) NOT NULL,
    "StockInCode" character varying(32) NOT NULL,
    "StockInType" smallint NOT NULL,
    "SourceCode" character varying(32),
    "WarehouseId" character varying(36) NOT NULL,
    "VendorId" character varying(36),
    "StockInDate" timestamp with time zone NOT NULL,
    "SourceId" character varying(36),
    "TotalQuantity" numeric(18,4) NOT NULL,
    "TotalAmount" numeric(18,2) NOT NULL,
    "Status" smallint NOT NULL,
    "RegionType" smallint NOT NULL DEFAULT 10,
    "InspectStatus" smallint NOT NULL,
    "CreatedBy" character varying(36),
    "ApprovedBy" character varying(36),
    "ApprovedTime" timestamp with time zone,
    "Remark" character varying(500),
    "CreateTime" timestamp with time zone NOT NULL,
    "CreateUserId" bigint,
    "ModifyTime" timestamp with time zone,
    "ModifyUserId" bigint,
    CONSTRAINT "PK_stockin" PRIMARY KEY ("StockInId")
);


CREATE TABLE stockinnotify (
    "UserId" character varying(36) NOT NULL,
    "NoticeCode" character varying(32) NOT NULL,
    "PurchaseOrderId" character varying(36) NOT NULL,
    "PurchaseOrderCode" character varying(32) NOT NULL,
    "VendorId" character varying(36),
    "VendorName" character varying(64),
    "PurchaseUserName" character varying(64),
    "Status" smallint NOT NULL DEFAULT 10,
    "CreateTime" timestamp with time zone NOT NULL,
    "CreateUserId" bigint,
    "ModifyTime" timestamp with time zone,
    "ModifyUserId" bigint,
    CONSTRAINT "PK_stockinnotify" PRIMARY KEY ("UserId")
);


CREATE TABLE stockout (
    "StockOutId" character varying(36) NOT NULL,
    "StockOutCode" character varying(32) NOT NULL,
    "StockOutType" smallint NOT NULL,
    "SourceCode" character varying(32),
    "SourceId" character varying(36),
    "WarehouseId" character varying(36) NOT NULL,
    "CustomerId" character varying(36),
    "StockOutDate" timestamp with time zone NOT NULL,
    "TotalQuantity" numeric(18,4) NOT NULL,
    "TotalAmount" numeric(18,2) NOT NULL,
    "Status" smallint NOT NULL,
    "RegionType" smallint NOT NULL DEFAULT 10,
    "PickerId" character varying(36),
    "PickedTime" timestamp with time zone,
    "ConfirmedBy" character varying(36),
    "ConfirmedTime" timestamp with time zone,
    "Remark" character varying(500),
    "CreateTime" timestamp with time zone NOT NULL,
    "CreateUserId" bigint,
    "ModifyTime" timestamp with time zone,
    "ModifyUserId" bigint,
    CONSTRAINT "PK_stockout" PRIMARY KEY ("StockOutId")
);


CREATE TABLE stockoutrequest (
    "UserId" character varying(36) NOT NULL,
    "RequestCode" character varying(50) NOT NULL,
    "SalesOrderId" character varying(36) NOT NULL,
    "SalesOrderItemId" character varying(36) NOT NULL,
    "MaterialCode" character varying(200) NOT NULL,
    "MaterialName" character varying(200),
    "Quantity" numeric(18,4) NOT NULL,
    "CustomerId" character varying(36) NOT NULL,
    "RequestUserId" character varying(36) NOT NULL,
    "RequestDate" timestamp with time zone NOT NULL,
    "Status" smallint NOT NULL,
    "Remark" character varying(500),
    "CreateTime" timestamp with time zone NOT NULL,
    "CreateUserId" bigint,
    "ModifyTime" timestamp with time zone,
    "ModifyUserId" bigint,
    CONSTRAINT "PK_stockoutrequest" PRIMARY KEY ("UserId")
);


CREATE TABLE sys_department (
    "DepartmentId" character varying(36) NOT NULL,
    "DepartmentName" character varying(100) NOT NULL,
    "ParentId" character varying(36),
    "Path" character varying(500),
    "Level" integer NOT NULL,
    "SaleDataScope" smallint NOT NULL,
    "PurchaseDataScope" smallint NOT NULL,
    "IdentityType" smallint NOT NULL,
    "Status" smallint NOT NULL,
    "CreateTime" timestamp with time zone NOT NULL,
    "CreateUserId" bigint,
    "ModifyTime" timestamp with time zone,
    "ModifyUserId" bigint,
    CONSTRAINT "PK_sys_department" PRIMARY KEY ("DepartmentId")
);


CREATE TABLE sys_error_log (
    "Id" bigint GENERATED BY DEFAULT AS IDENTITY,
    "OccurredAt" timestamp with time zone NOT NULL,
    "ModuleName" character varying(100) NOT NULL,
    "OperationType" character varying(50),
    "ErrorMessage" character varying(500) NOT NULL,
    "ErrorDetail" text,
    "DocumentNo" character varying(50),
    "DataId" character varying(36),
    "UserId" character varying(36),
    "UserName" character varying(50),
    "RequestPath" character varying(200),
    "RequestBody" text,
    "IsResolved" boolean NOT NULL,
    "ResolveRemark" character varying(200),
    CONSTRAINT "PK_sys_error_log" PRIMARY KEY ("Id")
);


CREATE TABLE sys_permission (
    "PermissionId" character varying(36) NOT NULL,
    "PermissionCode" character varying(100) NOT NULL,
    "PermissionName" character varying(100) NOT NULL,
    "PermissionType" character varying(20) NOT NULL,
    "Resource" character varying(200),
    "Action" character varying(50),
    "Status" smallint NOT NULL,
    "CreateTime" timestamp with time zone NOT NULL,
    "CreateUserId" bigint,
    "ModifyTime" timestamp with time zone,
    "ModifyUserId" bigint,
    CONSTRAINT "PK_sys_permission" PRIMARY KEY ("PermissionId")
);


CREATE TABLE sys_role (
    "RoleId" character varying(36) NOT NULL,
    "RoleCode" character varying(50) NOT NULL,
    "RoleName" character varying(100) NOT NULL,
    "Description" character varying(500),
    "Status" smallint NOT NULL,
    "CreateTime" timestamp with time zone NOT NULL,
    "CreateUserId" bigint,
    "ModifyTime" timestamp with time zone,
    "ModifyUserId" bigint,
    CONSTRAINT "PK_sys_role" PRIMARY KEY ("RoleId")
);


CREATE TABLE sys_role_permission (
    "RolePermissionId" character varying(36) NOT NULL,
    "RoleId" character varying(36) NOT NULL,
    "PermissionId" character varying(36) NOT NULL,
    "CreateTime" timestamp with time zone NOT NULL,
    "CreateUserId" bigint,
    "ModifyTime" timestamp with time zone,
    "ModifyUserId" bigint,
    CONSTRAINT "PK_sys_role_permission" PRIMARY KEY ("RolePermissionId")
);


CREATE TABLE sys_serial_number (
    "Id" integer GENERATED BY DEFAULT AS IDENTITY,
    "ModuleCode" character varying(50) NOT NULL,
    "ModuleName" character varying(100) NOT NULL,
    "Prefix" character varying(10) NOT NULL,
    "SequenceLength" integer NOT NULL,
    "CurrentSequence" integer NOT NULL,
    "ResetByYear" boolean NOT NULL,
    "ResetByMonth" boolean NOT NULL,
    "LastResetYear" integer,
    "LastResetMonth" integer,
    "Remark" character varying(200),
    "CreateTime" timestamp with time zone NOT NULL,
    "UpdateTime" timestamp with time zone,
    CONSTRAINT "PK_sys_serial_number" PRIMARY KEY ("Id")
);


CREATE TABLE sys_user_department (
    "UserDepartmentId" character varying(36) NOT NULL,
    "UserId" character varying(36) NOT NULL,
    "DepartmentId" character varying(36) NOT NULL,
    "IsPrimary" boolean NOT NULL,
    "CreateTime" timestamp with time zone NOT NULL,
    "CreateUserId" bigint,
    "ModifyTime" timestamp with time zone,
    "ModifyUserId" bigint,
    CONSTRAINT "PK_sys_user_department" PRIMARY KEY ("UserDepartmentId")
);


CREATE TABLE sys_user_role (
    "UserRoleId" character varying(36) NOT NULL,
    "UserId" character varying(36) NOT NULL,
    "RoleId" character varying(36) NOT NULL,
    "CreateTime" timestamp with time zone NOT NULL,
    "CreateUserId" bigint,
    "ModifyTime" timestamp with time zone,
    "ModifyUserId" bigint,
    CONSTRAINT "PK_sys_user_role" PRIMARY KEY ("UserRoleId")
);


CREATE TABLE sysparamgroup (
    "GroupId" character varying(36) NOT NULL,
    "GroupCode" character varying(50) NOT NULL,
    "GroupName" character varying(100) NOT NULL,
    "ParentId" character varying(36),
    "Level" smallint NOT NULL,
    "SortOrder" integer NOT NULL,
    "Description" character varying(200),
    "Status" smallint NOT NULL,
    "CreateTime" timestamp with time zone NOT NULL,
    "CreateUserId" bigint,
    "ModifyTime" timestamp with time zone,
    "ModifyUserId" bigint,
    CONSTRAINT "PK_sysparamgroup" PRIMARY KEY ("GroupId"),
    CONSTRAINT "FK_sysparamgroup_sysparamgroup_ParentId" FOREIGN KEY ("ParentId") REFERENCES sysparamgroup ("GroupId")
);


CREATE TABLE tag_definition (
    "TagId" character varying(36) NOT NULL,
    "Name" character varying(50) NOT NULL,
    "Code" character varying(50),
    "Color" character varying(20),
    "Icon" character varying(100),
    "Type" smallint NOT NULL DEFAULT 2,
    "Category" character varying(50),
    "Scope" character varying(200),
    "Status" smallint NOT NULL DEFAULT 1,
    "SortOrder" integer NOT NULL,
    "UsageCount" bigint NOT NULL,
    "OwnerUserId" bigint,
    "Visibility" smallint NOT NULL DEFAULT 3,
    "CreateTime" timestamp with time zone NOT NULL,
    "CreateUserId" bigint,
    "ModifyTime" timestamp with time zone,
    "ModifyUserId" bigint,
    CONSTRAINT "PK_tag_definition" PRIMARY KEY ("TagId")
);


CREATE TABLE tag_relation (
    "RelationId" character varying(36) NOT NULL,
    "TagId" character varying(36) NOT NULL,
    "EntityType" character varying(50) NOT NULL,
    "EntityId" character varying(36) NOT NULL,
    "AppliedByUserId" bigint NOT NULL,
    "AppliedTime" timestamp with time zone NOT NULL,
    "Source" character varying(20),
    "CreateTime" timestamp with time zone NOT NULL,
    "CreateUserId" bigint,
    "ModifyTime" timestamp with time zone,
    "ModifyUserId" bigint,
    CONSTRAINT "PK_tag_relation" PRIMARY KEY ("RelationId")
);


CREATE TABLE upload_document (
    "DocumentId" character varying(36) NOT NULL,
    "BizType" character varying(50) NOT NULL,
    "BizId" character varying(36) NOT NULL,
    "OriginalFileName" character varying(255) NOT NULL,
    "StoredFileName" character varying(255) NOT NULL,
    "RelativePath" character varying(500) NOT NULL,
    "FileSize" bigint NOT NULL,
    "FileExtension" character varying(20),
    "MimeType" character varying(100),
    "ThumbnailRelativePath" character varying(500),
    "Remark" character varying(256),
    "IsDeleted" boolean NOT NULL,
    "DeleteTime" timestamp with time zone,
    "DeleteUserId" character varying(36),
    "UploadUserId" character varying(36),
    "CreateTime" timestamp with time zone NOT NULL,
    "CreateUserId" bigint,
    "ModifyTime" timestamp with time zone,
    "ModifyUserId" bigint,
    CONSTRAINT "PK_upload_document" PRIMARY KEY ("DocumentId")
);


CREATE TABLE "user" (
    "UserId" character varying(36) NOT NULL,
    "UserName" character varying(50) NOT NULL,
    "Email" character varying(100),
    "Password" character varying(256) NOT NULL,
    "Salt" character varying(50) NOT NULL,
    "PasswordPlain" character varying(100),
    "IsActive" boolean NOT NULL,
    "Status" smallint NOT NULL DEFAULT 1,
    "PasswordChangeTime" timestamp with time zone,
    "RealName" character varying(50),
    "Mobile" character varying(20),
    "WechatOpenId" character varying(100),
    "WechatUnionId" character varying(100),
    "WechatNickname" character varying(100),
    "WechatAvatarUrl" character varying(500),
    "WechatBindTime" timestamp with time zone,
    "CreateTime" timestamp with time zone NOT NULL,
    "CreateUserId" bigint,
    "ModifyTime" timestamp with time zone,
    "ModifyUserId" bigint,
    CONSTRAINT "PK_user" PRIMARY KEY ("UserId")
);


CREATE TABLE user_favorite (
    "FavoriteId" character varying(36) NOT NULL,
    "UserId" bigint NOT NULL,
    "EntityType" character varying(50) NOT NULL,
    "EntityId" character varying(36) NOT NULL,
    "CreateTime" timestamp with time zone NOT NULL,
    "CreateUserId" bigint,
    "ModifyTime" timestamp with time zone,
    "ModifyUserId" bigint,
    CONSTRAINT "PK_user_favorite" PRIMARY KEY ("FavoriteId")
);


CREATE TABLE user_tag_preference (
    "UserId" bigint NOT NULL,
    "TagId" character varying(36) NOT NULL,
    "UseCount" bigint NOT NULL,
    "LastUsedTime" timestamp with time zone,
    "IsFavorite" boolean NOT NULL,
    "CreateTime" timestamp with time zone NOT NULL,
    "CreateUserId" bigint,
    "ModifyTime" timestamp with time zone,
    "ModifyUserId" bigint,
    CONSTRAINT "PK_user_tag_preference" PRIMARY KEY ("UserId", "TagId")
);


CREATE TABLE vendorcontacthistory (
    "HistoryId" character varying(36) NOT NULL,
    "VendorId" character varying(36) NOT NULL,
    "Type" character varying(50) NOT NULL,
    "Subject" character varying(200),
    "Content" character varying(500),
    "ContactPerson" character varying(100),
    "Time" timestamp with time zone NOT NULL,
    "NextFollowUpTime" timestamp with time zone,
    "Result" character varying(500),
    "OperatorId" character varying(36),
    "CreateTime" timestamp with time zone NOT NULL,
    "CreateUserId" bigint,
    "ModifyTime" timestamp with time zone,
    "ModifyUserId" bigint,
    CONSTRAINT "PK_vendorcontacthistory" PRIMARY KEY ("HistoryId")
);


CREATE TABLE vendorinfo (
    "VendorId" character varying(36) NOT NULL,
    "Code" character varying(16) NOT NULL,
    "OfficialName" character varying(64),
    "NickName" character varying(64),
    "VendorIdCrm" character varying(50),
    "Level" smallint,
    "Scale" smallint,
    "Background" smallint,
    "CompanyClass" smallint,
    "Country" smallint,
    "LocationType" smallint,
    "Industry" character varying(50),
    "Product" character varying(200),
    "OfficeAddress" character varying(200),
    "TradeCurrency" smallint,
    "TradeType" smallint,
    "Payment" smallint,
    "ExternalNumber" character varying(50),
    "Credit" smallint,
    "QualityPrejudgement" smallint,
    "Traceability" smallint,
    "AfterSalesService" smallint,
    "DegreeAdaptability" smallint,
    "ISCPFlag" boolean NOT NULL,
    "Strategy" smallint,
    "SelfSupport" boolean NOT NULL,
    "BlackList" boolean NOT NULL,
    "IsDisenable" boolean NOT NULL,
    "Longitude" numeric(10,6),
    "Latitude" numeric(10,6),
    "CompanyInfo" text,
    "ListingCode" character varying(50),
    "VendorScope" character varying(200),
    "IsControl" boolean NOT NULL,
    "CreditCode" character varying(50),
    "AscriptionType" smallint NOT NULL,
    "PurchaseUserId" character varying(36),
    "PurchaseGroupId" character varying(36),
    "Status" smallint NOT NULL,
    "IsDeleted" boolean NOT NULL,
    "DeleteTime" timestamp with time zone,
    "DeleteReason" character varying(200),
    "CreateTime" timestamp with time zone NOT NULL,
    "CreateUserId" bigint,
    "ModifyTime" timestamp with time zone,
    "ModifyUserId" bigint,
    CONSTRAINT "PK_vendorinfo" PRIMARY KEY ("VendorId")
);


CREATE TABLE warehouseinfo (
    "Id" character varying(36) NOT NULL,
    "WarehouseCode" character varying(32) NOT NULL,
    "WarehouseName" character varying(100) NOT NULL,
    "Address" character varying(200),
    "Status" smallint NOT NULL,
    "CreateTime" timestamp with time zone NOT NULL,
    "CreateUserId" bigint,
    "ModifyTime" timestamp with time zone,
    "ModifyUserId" bigint,
    CONSTRAINT "PK_warehouseinfo" PRIMARY KEY ("Id")
);


CREATE TABLE warehouselocation (
    "Id" character varying(36) NOT NULL,
    "ZoneId" character varying(36) NOT NULL,
    "LocationCode" character varying(32) NOT NULL,
    "LocationName" character varying(100) NOT NULL,
    "Status" smallint NOT NULL,
    "CreateTime" timestamp with time zone NOT NULL,
    "CreateUserId" bigint,
    "ModifyTime" timestamp with time zone,
    "ModifyUserId" bigint,
    CONSTRAINT "PK_warehouselocation" PRIMARY KEY ("Id")
);


CREATE TABLE warehouseshelf (
    "Id" character varying(36) NOT NULL,
    "LocationId" character varying(36) NOT NULL,
    "ShelfCode" character varying(32) NOT NULL,
    "ShelfName" character varying(100) NOT NULL,
    "Status" smallint NOT NULL,
    "CreateTime" timestamp with time zone NOT NULL,
    "CreateUserId" bigint,
    "ModifyTime" timestamp with time zone,
    "ModifyUserId" bigint,
    CONSTRAINT "PK_warehouseshelf" PRIMARY KEY ("Id")
);


CREATE TABLE warehousezone (
    "Id" character varying(36) NOT NULL,
    "WarehouseId" character varying(36) NOT NULL,
    "ZoneCode" character varying(32) NOT NULL,
    "ZoneName" character varying(100) NOT NULL,
    "Status" smallint NOT NULL,
    "CreateTime" timestamp with time zone NOT NULL,
    "CreateUserId" bigint,
    "ModifyTime" timestamp with time zone,
    "ModifyUserId" bigint,
    CONSTRAINT "PK_warehousezone" PRIMARY KEY ("Id")
);


CREATE TABLE wechat_bind_request (
    "Id" character varying(64) NOT NULL,
    "UserId" character varying(100) NOT NULL,
    "Status" character varying(20) NOT NULL,
    "OpenId" character varying(100),
    "UnionId" character varying(100),
    "Nickname" character varying(100),
    "AvatarUrl" character varying(500),
    "ExpireTime" timestamp with time zone NOT NULL,
    "CompleteTime" timestamp with time zone,
    "CreateTime" timestamp with time zone NOT NULL,
    "CreateUserId" bigint,
    "ModifyTime" timestamp with time zone,
    "ModifyUserId" bigint,
    CONSTRAINT "PK_wechat_bind_request" PRIMARY KEY ("Id")
);


CREATE TABLE wechat_login_ticket (
    "Ticket" character varying(64) NOT NULL,
    "QrCodeUrl" character varying(500) NOT NULL,
    "Status" smallint NOT NULL,
    "OpenId" character varying(100),
    "UnionId" character varying(100),
    "UserId" character varying(100),
    "ExpireTime" timestamp with time zone NOT NULL,
    "CreateTime" timestamp with time zone NOT NULL,
    "CreateUserId" bigint,
    "ModifyTime" timestamp with time zone,
    "ModifyUserId" bigint,
    CONSTRAINT "PK_wechat_login_ticket" PRIMARY KEY ("Ticket")
);


CREATE TABLE customeraddress (
    "AddressId" character varying(36) NOT NULL,
    "CustomerId" character varying(36) NOT NULL,
    "AddressType" smallint NOT NULL,
    "Country" smallint,
    "Province" character varying(50),
    "City" character varying(50),
    "Area" character varying(50),
    "Address" character varying(256),
    "ContactName" character varying(50),
    "ContactPhone" character varying(20),
    "IsDefault" boolean NOT NULL,
    "Remark" character varying(500),
    "CreateTime" timestamp with time zone NOT NULL,
    "CreateUserId" bigint,
    "ModifyTime" timestamp with time zone,
    "ModifyUserId" bigint,
    CONSTRAINT "PK_customeraddress" PRIMARY KEY ("AddressId"),
    CONSTRAINT "FK_customeraddress_customerinfo_CustomerId" FOREIGN KEY ("CustomerId") REFERENCES customerinfo ("CustomerId") ON DELETE CASCADE
);


CREATE TABLE customerbankinfo (
    "BankId" character varying(36) NOT NULL,
    "CustomerId" character varying(36) NOT NULL,
    "BankName" character varying(100),
    "BankAccount" character varying(50),
    "AccountName" character varying(50),
    "BankBranch" character varying(100),
    "Currency" smallint,
    "IsDefault" boolean NOT NULL,
    "Remark" character varying(500),
    "CreateTime" timestamp with time zone NOT NULL,
    "CreateUserId" bigint,
    "ModifyTime" timestamp with time zone,
    "ModifyUserId" bigint,
    CONSTRAINT "PK_customerbankinfo" PRIMARY KEY ("BankId"),
    CONSTRAINT "FK_customerbankinfo_customerinfo_CustomerId" FOREIGN KEY ("CustomerId") REFERENCES customerinfo ("CustomerId") ON DELETE CASCADE
);


CREATE TABLE customercontactinfo (
    "ContactId" character varying(36) NOT NULL,
    "CustomerId" character varying(36) NOT NULL,
    "CName" character varying(50),
    "EName" character varying(100),
    "Gender" smallint,
    "Title" character varying(50),
    "Department" character varying(50),
    "Mobile" character varying(20),
    "Tel" character varying(30),
    "Email" character varying(100),
    "QQ" character varying(20),
    "WeChat" character varying(50),
    "Address" character varying(200),
    "IsMain" boolean NOT NULL,
    "Remark" character varying(500),
    "CreateTime" timestamp with time zone NOT NULL,
    "CreateUserId" bigint,
    "ModifyTime" timestamp with time zone,
    "ModifyUserId" bigint,
    CONSTRAINT "PK_customercontactinfo" PRIMARY KEY ("ContactId"),
    CONSTRAINT "FK_customercontactinfo_customerinfo_CustomerId" FOREIGN KEY ("CustomerId") REFERENCES customerinfo ("CustomerId") ON DELETE CASCADE
);


CREATE TABLE financepaymentitem (
    "FinancePaymentItemId" character varying(36) NOT NULL,
    "FinancePaymentId" character varying(36) NOT NULL,
    "PurchaseOrderId" character varying(36),
    "PurchaseOrderItemId" character varying(36),
    "PaymentAmount" numeric(18,2) NOT NULL,
    "PaymentAmountToBe" numeric(18,2) NOT NULL,
    "ProductId" character varying(36),
    "PN" character varying(64),
    "Brand" character varying(64),
    "VerificationStatus" smallint NOT NULL,
    "VerificationDone" numeric(18,2) NOT NULL,
    "VerificationToBe" numeric(18,2) NOT NULL,
    "CreateTime" timestamp with time zone NOT NULL,
    "CreateUserId" bigint,
    "ModifyTime" timestamp with time zone,
    "ModifyUserId" bigint,
    CONSTRAINT "PK_financepaymentitem" PRIMARY KEY ("FinancePaymentItemId"),
    CONSTRAINT "FK_financepaymentitem_financepayment_FinancePaymentId" FOREIGN KEY ("FinancePaymentId") REFERENCES financepayment ("FinancePaymentId") ON DELETE CASCADE
);


CREATE TABLE financepurchaseinvoiceitem (
    "FinancePurchaseInvoiceItemId" character varying(36) NOT NULL,
    "FinancePurchaseInvoiceId" character varying(36) NOT NULL,
    "StockInId" character varying(36),
    "StockInCode" character varying(32),
    "PurchaseOrderCode" character varying(32),
    "StockInCost" numeric(18,4) NOT NULL,
    "BillCost" numeric(18,4) NOT NULL,
    "BillQty" bigint NOT NULL,
    "BillAmount" numeric(18,2) NOT NULL,
    "TaxRate" numeric(18,4) NOT NULL,
    "TaxAmount" numeric(18,2) NOT NULL,
    "ExcludTaxAmount" numeric(18,2) NOT NULL,
    "CreateTime" timestamp with time zone NOT NULL,
    "CreateUserId" bigint,
    "ModifyTime" timestamp with time zone,
    "ModifyUserId" bigint,
    CONSTRAINT "PK_financepurchaseinvoiceitem" PRIMARY KEY ("FinancePurchaseInvoiceItemId"),
    CONSTRAINT "FK_financepurchaseinvoiceitem_financepurchaseinvoice_FinancePu~" FOREIGN KEY ("FinancePurchaseInvoiceId") REFERENCES financepurchaseinvoice ("FinancePurchaseInvoiceId") ON DELETE CASCADE
);


CREATE TABLE financereceiptitem (
    "FinanceReceiptItemId" character varying(36) NOT NULL,
    "FinanceReceiptId" character varying(36) NOT NULL,
    "SellOrderId" character varying(36),
    "SellOrderItemId" character varying(36),
    "FinanceSellInvoiceId" character varying(36),
    "FinanceSellInvoiceItemId" character varying(36),
    "ReceiptAmount" numeric(18,2) NOT NULL,
    "ReceiptConvertAmount" numeric(18,2) NOT NULL,
    "StockOutItemId" character varying(36),
    "ProductId" character varying(36),
    "PN" character varying(64),
    "Brand" character varying(64),
    "VerificationStatus" smallint NOT NULL,
    "CreateTime" timestamp with time zone NOT NULL,
    "CreateUserId" bigint,
    "ModifyTime" timestamp with time zone,
    "ModifyUserId" bigint,
    CONSTRAINT "PK_financereceiptitem" PRIMARY KEY ("FinanceReceiptItemId"),
    CONSTRAINT "FK_financereceiptitem_financereceipt_FinanceReceiptId" FOREIGN KEY ("FinanceReceiptId") REFERENCES financereceipt ("FinanceReceiptId") ON DELETE CASCADE
);


CREATE TABLE sellinvoiceitem (
    "SellInvoiceItemId" character varying(36) NOT NULL,
    "FinanceSellInvoiceId" character varying(36) NOT NULL,
    "InvoiceTotal" numeric(18,2) NOT NULL,
    "TaxRate" numeric(18,4) NOT NULL,
    "ValueAddedTax" numeric(18,2) NOT NULL,
    "TaxFreeTotal" numeric(18,2) NOT NULL,
    "Price" numeric(18,4) NOT NULL,
    "Qty" bigint NOT NULL,
    "StockOutItemId" character varying(36),
    "Currency" smallint NOT NULL,
    "ReceiveStatus" smallint NOT NULL,
    "CreateTime" timestamp with time zone NOT NULL,
    "CreateUserId" bigint,
    "ModifyTime" timestamp with time zone,
    "ModifyUserId" bigint,
    CONSTRAINT "PK_sellinvoiceitem" PRIMARY KEY ("SellInvoiceItemId"),
    CONSTRAINT "FK_sellinvoiceitem_financesellinvoice_FinanceSellInvoiceId" FOREIGN KEY ("FinanceSellInvoiceId") REFERENCES financesellinvoice ("FinanceSellInvoiceId") ON DELETE CASCADE
);


CREATE TABLE inventorycountitem (
    "Id" character varying(36) NOT NULL,
    "PlanId" character varying(36) NOT NULL,
    "MaterialId" character varying(36) NOT NULL,
    "LocationId" character varying(36),
    "BookQty" numeric(18,4) NOT NULL,
    "CountQty" numeric(18,4) NOT NULL,
    "DiffQty" numeric(18,4) NOT NULL,
    "BookAmount" numeric(18,2) NOT NULL,
    "CountAmount" numeric(18,2) NOT NULL,
    "DiffAmount" numeric(18,2) NOT NULL,
    "CreateTime" timestamp with time zone NOT NULL,
    "CreateUserId" bigint,
    "ModifyTime" timestamp with time zone,
    "ModifyUserId" bigint,
    CONSTRAINT "PK_inventorycountitem" PRIMARY KEY ("Id"),
    CONSTRAINT "FK_inventorycountitem_inventorycountplan_PlanId" FOREIGN KEY ("PlanId") REFERENCES inventorycountplan ("Id") ON DELETE CASCADE
);


CREATE TABLE material (
    "MaterialId" character varying(36) NOT NULL,
    "MaterialCode" character varying(50) NOT NULL,
    "MaterialName" character varying(200) NOT NULL,
    "MaterialModel" character varying(100),
    "BrandId" character varying(36),
    "CategoryId" character varying(36),
    "Unit" character varying(20),
    "Status" smallint NOT NULL,
    "Remark" character varying(500),
    "CreateTime" timestamp with time zone NOT NULL,
    "CreateUserId" bigint,
    "ModifyTime" timestamp with time zone,
    "ModifyUserId" bigint,
    CONSTRAINT "PK_material" PRIMARY KEY ("MaterialId"),
    CONSTRAINT "FK_material_materialcategory_CategoryId" FOREIGN KEY ("CategoryId") REFERENCES materialcategory ("CategoryId") ON DELETE SET NULL
);


CREATE TABLE pickingtaskitem (
    "Id" character varying(36) NOT NULL,
    "PickingTaskId" character varying(36) NOT NULL,
    "MaterialId" character varying(36) NOT NULL,
    "StockId" character varying(36),
    "BatchNo" character varying(50),
    "LocationId" character varying(36),
    "PlanQty" numeric(18,4) NOT NULL,
    "PickedQty" numeric(18,4) NOT NULL,
    "IsStockingSupplement" boolean NOT NULL DEFAULT false,
    "CreateTime" timestamp with time zone NOT NULL,
    "CreateUserId" bigint,
    "ModifyTime" timestamp with time zone,
    "ModifyUserId" bigint,
    CONSTRAINT "PK_pickingtaskitem" PRIMARY KEY ("Id"),
    CONSTRAINT "FK_pickingtaskitem_pickingtask_PickingTaskId" FOREIGN KEY ("PickingTaskId") REFERENCES pickingtask ("Id") ON DELETE CASCADE
);


CREATE TABLE qcitem (
    "UserId" character varying(36) NOT NULL,
    "QcInfoId" character varying(36) NOT NULL,
    "StockInNotifyItemId" character varying(36) NOT NULL,
    "ArrivedQty" numeric(18,4) NOT NULL,
    "PassedQty" numeric(18,4) NOT NULL,
    "RejectQty" numeric(18,4) NOT NULL,
    "CreateTime" timestamp with time zone NOT NULL,
    "CreateUserId" bigint,
    "ModifyTime" timestamp with time zone,
    "ModifyUserId" bigint,
    CONSTRAINT "PK_qcitem" PRIMARY KEY ("UserId"),
    CONSTRAINT "FK_qcitem_qcinfo_QcInfoId" FOREIGN KEY ("QcInfoId") REFERENCES qcinfo ("UserId") ON DELETE CASCADE
);


CREATE TABLE quoteitem (
    "QuoteItemId" character varying(36) NOT NULL,
    quote_id character varying(36) NOT NULL,
    vendor_id character varying(36),
    vendor_name character varying(200),
    vendor_code character varying(50),
    contact_id character varying(36),
    contact_name character varying(100),
    price_type character varying(50),
    expiry_date timestamp with time zone,
    mpn character varying(200),
    brand character varying(200),
    brand_origin character varying(100),
    date_code character varying(100),
    lead_time character varying(200),
    label_type smallint NOT NULL,
    wafer_origin smallint NOT NULL,
    package_origin smallint NOT NULL,
    free_shipping boolean NOT NULL,
    currency smallint NOT NULL,
    quantity numeric(18,4) NOT NULL DEFAULT 0.0,
    unit_price numeric(18,6) NOT NULL DEFAULT 0.0,
    converted_price numeric(18,6),
    min_package_qty integer NOT NULL,
    min_package_unit character varying(50),
    stock_qty integer NOT NULL,
    moq integer NOT NULL,
    remark character varying(500),
    status smallint NOT NULL,
    "CreateTime" timestamp with time zone NOT NULL,
    "CreateUserId" bigint,
    "ModifyTime" timestamp with time zone,
    "ModifyUserId" bigint,
    CONSTRAINT "PK_quoteitem" PRIMARY KEY ("QuoteItemId"),
    CONSTRAINT "FK_quoteitem_quote_quote_id" FOREIGN KEY (quote_id) REFERENCES quote ("QuoteId") ON DELETE CASCADE
);


CREATE TABLE rfqitem (
    item_id character varying(36) NOT NULL,
    rfq_id character varying(36) NOT NULL,
    line_no integer NOT NULL,
    customer_mpn character varying(100),
    mpn character varying(200) NOT NULL,
    customer_brand character varying(100) NOT NULL,
    brand character varying(100) NOT NULL,
    target_price numeric(18,4),
    price_currency smallint NOT NULL,
    quantity numeric(18,4) NOT NULL DEFAULT 1.0,
    production_date character varying(50),
    expiry_date timestamp with time zone,
    min_package_qty numeric(18,4),
    moq numeric(18,4),
    alternatives character varying(500),
    remark character varying(500),
    status smallint NOT NULL,
    assigned_purchaser_user_id_1 character varying(36),
    assigned_purchaser_user_id_2 character varying(36),
    "CreateTime" timestamp with time zone NOT NULL,
    "CreateUserId" bigint,
    "ModifyTime" timestamp with time zone,
    "ModifyUserId" bigint,
    CONSTRAINT "PK_rfqitem" PRIMARY KEY (item_id),
    CONSTRAINT "FK_rfqitem_rfq_rfq_id" FOREIGN KEY (rfq_id) REFERENCES rfq (rfq_id) ON DELETE CASCADE
);


CREATE TABLE sellorderitem (
    "SellOrderItemId" character varying(36) NOT NULL,
    sell_order_id character varying(36) NOT NULL,
    quote_id character varying(36),
    product_id character varying(36),
    pn character varying(200),
    brand character varying(200),
    customer_pn_no character varying(200),
    qty numeric(18,4) NOT NULL DEFAULT 0.0,
    purchased_qty numeric(18,4) NOT NULL DEFAULT 0.0,
    price numeric(18,6) NOT NULL DEFAULT 0.0,
    currency smallint NOT NULL,
    date_code character varying(100),
    delivery_date timestamp with time zone,
    status smallint NOT NULL,
    comment character varying(500),
    "CreateTime" timestamp with time zone NOT NULL,
    "CreateUserId" bigint,
    "ModifyTime" timestamp with time zone,
    "ModifyUserId" bigint,
    CONSTRAINT "PK_sellorderitem" PRIMARY KEY ("SellOrderItemId"),
    CONSTRAINT "FK_sellorderitem_sellorder_sell_order_id" FOREIGN KEY (sell_order_id) REFERENCES sellorder ("SellOrderId") ON DELETE CASCADE
);


CREATE TABLE stockinitem (
    "ItemId" character varying(36) NOT NULL,
    "StockInId" character varying(36) NOT NULL,
    "MaterialId" character varying(36) NOT NULL,
    "Quantity" numeric(18,4) NOT NULL,
    "OrderQty" numeric(18,4) NOT NULL,
    "QtyReceived" numeric(18,4) NOT NULL,
    "Price" numeric(18,4) NOT NULL,
    "Amount" numeric(18,2) NOT NULL,
    "LocationId" character varying(36),
    "BatchNo" character varying(50),
    "ProductionDate" timestamp with time zone,
    "ExpiryDate" timestamp with time zone,
    "IsQualified" boolean NOT NULL,
    "Remark" character varying(500),
    "CreateTime" timestamp with time zone NOT NULL,
    "CreateUserId" bigint,
    "ModifyTime" timestamp with time zone,
    "ModifyUserId" bigint,
    CONSTRAINT "PK_stockinitem" PRIMARY KEY ("ItemId"),
    CONSTRAINT "FK_stockinitem_stockin_StockInId" FOREIGN KEY ("StockInId") REFERENCES stockin ("StockInId") ON DELETE CASCADE
);


CREATE TABLE stockinnotifyitem (
    "UserId" character varying(36) NOT NULL,
    "StockInNotifyId" character varying(36) NOT NULL,
    "PurchaseOrderItemId" character varying(36) NOT NULL,
    "Pn" character varying(128),
    "Brand" character varying(64),
    "Qty" numeric(18,4) NOT NULL,
    "ArrivedQty" numeric(18,4) NOT NULL,
    "PassedQty" numeric(18,4) NOT NULL,
    "CreateTime" timestamp with time zone NOT NULL,
    "CreateUserId" bigint,
    "ModifyTime" timestamp with time zone,
    "ModifyUserId" bigint,
    CONSTRAINT "PK_stockinnotifyitem" PRIMARY KEY ("UserId"),
    CONSTRAINT "FK_stockinnotifyitem_stockinnotify_StockInNotifyId" FOREIGN KEY ("StockInNotifyId") REFERENCES stockinnotify ("UserId") ON DELETE CASCADE
);


CREATE TABLE stockoutitem (
    "ItemId" character varying(36) NOT NULL,
    "StockOutId" character varying(36) NOT NULL,
    "MaterialId" character varying(36) NOT NULL,
    "Quantity" numeric(18,4) NOT NULL,
    "OrderQty" numeric(18,4) NOT NULL,
    "PlanQty" numeric(18,4) NOT NULL,
    "PickQty" numeric(18,4) NOT NULL,
    "ActualQty" numeric(18,4) NOT NULL,
    "Price" numeric(18,4) NOT NULL,
    "Amount" numeric(18,2) NOT NULL,
    "LocationId" character varying(36),
    "StockId" character varying(36),
    "WarehouseId" character varying(36),
    "BatchNo" character varying(50),
    "Remark" character varying(500),
    "CreateTime" timestamp with time zone NOT NULL,
    "CreateUserId" bigint,
    "ModifyTime" timestamp with time zone,
    "ModifyUserId" bigint,
    CONSTRAINT "PK_stockoutitem" PRIMARY KEY ("ItemId"),
    CONSTRAINT "FK_stockoutitem_stockout_StockOutId" FOREIGN KEY ("StockOutId") REFERENCES stockout ("StockOutId") ON DELETE CASCADE
);


CREATE TABLE sysparam (
    "ParamId" character varying(36) NOT NULL,
    "ParamCode" character varying(100) NOT NULL,
    "ParamName" character varying(200) NOT NULL,
    "GroupId" character varying(36),
    "DataType" integer NOT NULL,
    "ValueString" character varying(500),
    "ValueInt" bigint,
    "ValueDecimal" numeric(18,4),
    "ValueJson" text,
    "DefaultValue" character varying(500),
    "Description" character varying(500),
    "IsArray" boolean NOT NULL,
    "IsSystem" boolean NOT NULL,
    "IsEditable" boolean NOT NULL,
    "IsVisible" boolean NOT NULL,
    "SortOrder" integer NOT NULL,
    "Status" smallint NOT NULL,
    "CreateTime" timestamp with time zone NOT NULL,
    "CreateUserId" bigint,
    "ModifyTime" timestamp with time zone,
    "ModifyUserId" bigint,
    CONSTRAINT "PK_sysparam" PRIMARY KEY ("ParamId"),
    CONSTRAINT "FK_sysparam_sysparamgroup_GroupId" FOREIGN KEY ("GroupId") REFERENCES sysparamgroup ("GroupId")
);


CREATE TABLE vendoraddress (
    "AddressId" character varying(36) NOT NULL,
    "VendorId" character varying(36) NOT NULL,
    "AddressType" smallint NOT NULL,
    "Country" smallint,
    "Province" character varying(50),
    "City" character varying(50),
    "Area" character varying(50),
    "Address" character varying(200),
    "ContactName" character varying(50),
    "ContactPhone" character varying(20),
    "IsDefault" boolean NOT NULL,
    "Remark" character varying(500),
    "CreateTime" timestamp with time zone NOT NULL,
    "CreateUserId" bigint,
    "ModifyTime" timestamp with time zone,
    "ModifyUserId" bigint,
    CONSTRAINT "PK_vendoraddress" PRIMARY KEY ("AddressId"),
    CONSTRAINT "FK_vendoraddress_vendorinfo_VendorId" FOREIGN KEY ("VendorId") REFERENCES vendorinfo ("VendorId") ON DELETE CASCADE
);


CREATE TABLE vendorbankinfo (
    "BankId" character varying(36) NOT NULL,
    "VendorId" character varying(36) NOT NULL,
    "BankName" character varying(100),
    "BankAccount" character varying(50),
    "AccountName" character varying(50),
    "BankBranch" character varying(100),
    "Currency" smallint,
    "IsDefault" boolean NOT NULL,
    "Remark" character varying(500),
    "CreateTime" timestamp with time zone NOT NULL,
    "CreateUserId" bigint,
    "ModifyTime" timestamp with time zone,
    "ModifyUserId" bigint,
    CONSTRAINT "PK_vendorbankinfo" PRIMARY KEY ("BankId"),
    CONSTRAINT "FK_vendorbankinfo_vendorinfo_VendorId" FOREIGN KEY ("VendorId") REFERENCES vendorinfo ("VendorId") ON DELETE CASCADE
);


CREATE TABLE vendorcontactinfo (
    "ContactId" character varying(36) NOT NULL,
    "VendorId" character varying(36) NOT NULL,
    "CName" character varying(50),
    "EName" character varying(100),
    "Title" character varying(50),
    "Department" character varying(50),
    "Mobile" character varying(20),
    "Tel" character varying(30),
    "Email" character varying(100),
    "QQ" character varying(20),
    "WeChat" character varying(50),
    "Address" character varying(200),
    "IsMain" boolean NOT NULL,
    "Remark" character varying(500),
    "CreateTime" timestamp with time zone NOT NULL,
    "CreateUserId" bigint,
    "ModifyTime" timestamp with time zone,
    "ModifyUserId" bigint,
    CONSTRAINT "PK_vendorcontactinfo" PRIMARY KEY ("ContactId"),
    CONSTRAINT "FK_vendorcontactinfo_vendorinfo_VendorId" FOREIGN KEY ("VendorId") REFERENCES vendorinfo ("VendorId") ON DELETE CASCADE
);


CREATE TABLE purchaseorderitem (
    "PurchaseOrderItemId" character varying(36) NOT NULL,
    purchase_order_id character varying(36) NOT NULL,
    sell_order_item_id character varying(36) NOT NULL,
    vendor_id character varying(36) NOT NULL,
    product_id character varying(36),
    pn character varying(200),
    brand character varying(200),
    qty numeric(18,4) NOT NULL DEFAULT 0.0,
    cost numeric(18,6) NOT NULL DEFAULT 0.0,
    currency smallint NOT NULL,
    status smallint NOT NULL DEFAULT 1,
    stock_in_status smallint NOT NULL,
    finance_payment_status smallint NOT NULL,
    stock_out_status smallint NOT NULL,
    err_status smallint NOT NULL,
    delivery_date timestamp with time zone,
    comment character varying(500),
    inner_comment character varying(500),
    "CreateTime" timestamp with time zone NOT NULL,
    "CreateUserId" bigint,
    "ModifyTime" timestamp with time zone,
    "ModifyUserId" bigint,
    CONSTRAINT "PK_purchaseorderitem" PRIMARY KEY ("PurchaseOrderItemId"),
    CONSTRAINT "FK_purchaseorderitem_purchaseorder_purchase_order_id" FOREIGN KEY (purchase_order_id) REFERENCES purchaseorder ("PurchaseOrderId") ON DELETE CASCADE,
    CONSTRAINT "FK_purchaseorderitem_sellorderitem_sell_order_item_id" FOREIGN KEY (sell_order_item_id) REFERENCES sellorderitem ("SellOrderItemId") ON DELETE RESTRICT
);


CREATE TABLE sysparamhistory (
    "UserId" character varying(36) NOT NULL,
    "ParamId" character varying(36) NOT NULL,
    "OldValue" character varying(500),
    "NewValue" character varying(500),
    "ChangeReason" character varying(200),
    "OperatorId" uuid,
    "OperatorName" character varying(50),
    "CreateTime" timestamp with time zone NOT NULL,
    "CreateUserId" bigint,
    "ModifyTime" timestamp with time zone,
    "ModifyUserId" bigint,
    CONSTRAINT "PK_sysparamhistory" PRIMARY KEY ("UserId"),
    CONSTRAINT "FK_sysparamhistory_sysparam_ParamId" FOREIGN KEY ("ParamId") REFERENCES sysparam ("ParamId") ON DELETE CASCADE
);


INSERT INTO sys_serial_number ("Id", "CreateTime", "CurrentSequence", "LastResetMonth", "LastResetYear", "ModuleCode", "ModuleName", "Prefix", "Remark", "ResetByMonth", "ResetByYear", "SequenceLength", "UpdateTime")
VALUES (1, TIMESTAMPTZ '2026-01-01T00:00:00Z', 0, NULL, NULL, 'Customer', '客户', 'CUS', NULL, FALSE, FALSE, 4, NULL);
INSERT INTO sys_serial_number ("Id", "CreateTime", "CurrentSequence", "LastResetMonth", "LastResetYear", "ModuleCode", "ModuleName", "Prefix", "Remark", "ResetByMonth", "ResetByYear", "SequenceLength", "UpdateTime")
VALUES (2, TIMESTAMPTZ '2026-01-01T00:00:00Z', 0, NULL, NULL, 'Vendor', '供应商', 'VEN', NULL, FALSE, FALSE, 4, NULL);
INSERT INTO sys_serial_number ("Id", "CreateTime", "CurrentSequence", "LastResetMonth", "LastResetYear", "ModuleCode", "ModuleName", "Prefix", "Remark", "ResetByMonth", "ResetByYear", "SequenceLength", "UpdateTime")
VALUES (3, TIMESTAMPTZ '2026-01-01T00:00:00Z', 0, NULL, NULL, 'RFQ', '询价/需求', 'RFQ', NULL, FALSE, FALSE, 4, NULL);
INSERT INTO sys_serial_number ("Id", "CreateTime", "CurrentSequence", "LastResetMonth", "LastResetYear", "ModuleCode", "ModuleName", "Prefix", "Remark", "ResetByMonth", "ResetByYear", "SequenceLength", "UpdateTime")
VALUES (4, TIMESTAMPTZ '2026-01-01T00:00:00Z', 0, NULL, NULL, 'Quotation', '报价', 'QT', NULL, FALSE, FALSE, 4, NULL);
INSERT INTO sys_serial_number ("Id", "CreateTime", "CurrentSequence", "LastResetMonth", "LastResetYear", "ModuleCode", "ModuleName", "Prefix", "Remark", "ResetByMonth", "ResetByYear", "SequenceLength", "UpdateTime")
VALUES (5, TIMESTAMPTZ '2026-01-01T00:00:00Z', 0, NULL, NULL, 'SalesOrder', '销售订单', 'SO', NULL, FALSE, FALSE, 4, NULL);
INSERT INTO sys_serial_number ("Id", "CreateTime", "CurrentSequence", "LastResetMonth", "LastResetYear", "ModuleCode", "ModuleName", "Prefix", "Remark", "ResetByMonth", "ResetByYear", "SequenceLength", "UpdateTime")
VALUES (6, TIMESTAMPTZ '2026-01-01T00:00:00Z', 0, NULL, NULL, 'PurchaseOrder', '采购订单', 'PO', NULL, FALSE, FALSE, 4, NULL);
INSERT INTO sys_serial_number ("Id", "CreateTime", "CurrentSequence", "LastResetMonth", "LastResetYear", "ModuleCode", "ModuleName", "Prefix", "Remark", "ResetByMonth", "ResetByYear", "SequenceLength", "UpdateTime")
VALUES (7, TIMESTAMPTZ '2026-01-01T00:00:00Z', 0, NULL, NULL, 'StockIn', '入库', 'SI', NULL, FALSE, FALSE, 4, NULL);
INSERT INTO sys_serial_number ("Id", "CreateTime", "CurrentSequence", "LastResetMonth", "LastResetYear", "ModuleCode", "ModuleName", "Prefix", "Remark", "ResetByMonth", "ResetByYear", "SequenceLength", "UpdateTime")
VALUES (8, TIMESTAMPTZ '2026-01-01T00:00:00Z', 0, NULL, NULL, 'StockOut', '出库', 'SOUT', NULL, FALSE, FALSE, 4, NULL);
INSERT INTO sys_serial_number ("Id", "CreateTime", "CurrentSequence", "LastResetMonth", "LastResetYear", "ModuleCode", "ModuleName", "Prefix", "Remark", "ResetByMonth", "ResetByYear", "SequenceLength", "UpdateTime")
VALUES (9, TIMESTAMPTZ '2026-01-01T00:00:00Z', 0, NULL, NULL, 'Receipt', '收款', 'REC', NULL, FALSE, FALSE, 4, NULL);
INSERT INTO sys_serial_number ("Id", "CreateTime", "CurrentSequence", "LastResetMonth", "LastResetYear", "ModuleCode", "ModuleName", "Prefix", "Remark", "ResetByMonth", "ResetByYear", "SequenceLength", "UpdateTime")
VALUES (11, TIMESTAMPTZ '2026-01-01T00:00:00Z', 0, NULL, NULL, 'Payment', '付款', 'PAY', NULL, FALSE, FALSE, 4, NULL);
INSERT INTO sys_serial_number ("Id", "CreateTime", "CurrentSequence", "LastResetMonth", "LastResetYear", "ModuleCode", "ModuleName", "Prefix", "Remark", "ResetByMonth", "ResetByYear", "SequenceLength", "UpdateTime")
VALUES (12, TIMESTAMPTZ '2026-01-01T00:00:00Z', 0, NULL, NULL, 'InputInvoice', '进项发票', 'INVI', NULL, FALSE, FALSE, 4, NULL);
INSERT INTO sys_serial_number ("Id", "CreateTime", "CurrentSequence", "LastResetMonth", "LastResetYear", "ModuleCode", "ModuleName", "Prefix", "Remark", "ResetByMonth", "ResetByYear", "SequenceLength", "UpdateTime")
VALUES (13, TIMESTAMPTZ '2026-01-01T00:00:00Z', 0, NULL, NULL, 'OutputInvoice', '销项发票', 'INVO', NULL, FALSE, FALSE, 4, NULL);
INSERT INTO sys_serial_number ("Id", "CreateTime", "CurrentSequence", "LastResetMonth", "LastResetYear", "ModuleCode", "ModuleName", "Prefix", "Remark", "ResetByMonth", "ResetByYear", "SequenceLength", "UpdateTime")
VALUES (14, TIMESTAMPTZ '2026-01-01T00:00:00Z', 0, NULL, NULL, 'Stock', '库存', 'STK', NULL, FALSE, FALSE, 4, NULL);
INSERT INTO sys_serial_number ("Id", "CreateTime", "CurrentSequence", "LastResetMonth", "LastResetYear", "ModuleCode", "ModuleName", "Prefix", "Remark", "ResetByMonth", "ResetByYear", "SequenceLength", "UpdateTime")
VALUES (15, TIMESTAMPTZ '2026-01-01T00:00:00Z', 0, NULL, NULL, 'PurchaseRequisition', '采购申请', 'PR', NULL, FALSE, FALSE, 4, NULL);
INSERT INTO sys_serial_number ("Id", "CreateTime", "CurrentSequence", "LastResetMonth", "LastResetYear", "ModuleCode", "ModuleName", "Prefix", "Remark", "ResetByMonth", "ResetByYear", "SequenceLength", "UpdateTime")
VALUES (16, TIMESTAMPTZ '2026-01-01T00:00:00Z', 0, NULL, NULL, 'StockOutRequest', '出库申请', 'SON', NULL, FALSE, FALSE, 4, NULL);
INSERT INTO sys_serial_number ("Id", "CreateTime", "CurrentSequence", "LastResetMonth", "LastResetYear", "ModuleCode", "ModuleName", "Prefix", "Remark", "ResetByMonth", "ResetByYear", "SequenceLength", "UpdateTime")
VALUES (17, TIMESTAMPTZ '2026-01-01T00:00:00Z', 0, NULL, NULL, 'PickingTask', '拣货任务', 'PK', NULL, FALSE, FALSE, 4, NULL);
INSERT INTO sys_serial_number ("Id", "CreateTime", "CurrentSequence", "LastResetMonth", "LastResetYear", "ModuleCode", "ModuleName", "Prefix", "Remark", "ResetByMonth", "ResetByYear", "SequenceLength", "UpdateTime")
VALUES (18, TIMESTAMPTZ '2026-01-01T00:00:00Z', 0, NULL, NULL, 'ArrivalNotice', '到货通知', 'AN', NULL, FALSE, FALSE, 4, NULL);
INSERT INTO sys_serial_number ("Id", "CreateTime", "CurrentSequence", "LastResetMonth", "LastResetYear", "ModuleCode", "ModuleName", "Prefix", "Remark", "ResetByMonth", "ResetByYear", "SequenceLength", "UpdateTime")
VALUES (19, TIMESTAMPTZ '2026-01-01T00:00:00Z', 0, NULL, NULL, 'QcRecord', '质检', 'QC', NULL, FALSE, FALSE, 4, NULL);
INSERT INTO sys_serial_number ("Id", "CreateTime", "CurrentSequence", "LastResetMonth", "LastResetYear", "ModuleCode", "ModuleName", "Prefix", "Remark", "ResetByMonth", "ResetByYear", "SequenceLength", "UpdateTime")
VALUES (20, TIMESTAMPTZ '2026-01-01T00:00:00Z', 0, NULL, NULL, 'PaymentRequest', '请款', 'PRQ', NULL, FALSE, FALSE, 4, NULL);
INSERT INTO sys_serial_number ("Id", "CreateTime", "CurrentSequence", "LastResetMonth", "LastResetYear", "ModuleCode", "ModuleName", "Prefix", "Remark", "ResetByMonth", "ResetByYear", "SequenceLength", "UpdateTime")
VALUES (21, TIMESTAMPTZ '2026-01-01T00:00:00Z', 0, NULL, NULL, 'FinancePayment', '财务付款', 'FPY', NULL, FALSE, FALSE, 4, NULL);


CREATE INDEX "IX_biz_draft_CreateTime" ON biz_draft ("CreateTime");


CREATE INDEX "IX_biz_draft_UserId_EntityType_Status" ON biz_draft ("UserId", "EntityType", "Status");


CREATE UNIQUE INDEX "IX_component_cache_Mpn" ON component_cache ("Mpn");


CREATE INDEX "IX_customeraddress_CustomerId" ON customeraddress ("CustomerId");


CREATE INDEX "IX_customerbankinfo_CustomerId" ON customerbankinfo ("CustomerId");


CREATE INDEX "IX_customercontactinfo_CustomerId" ON customercontactinfo ("CustomerId");


CREATE UNIQUE INDEX "IX_financepayment_FinancePaymentCode" ON financepayment ("FinancePaymentCode");


CREATE INDEX "IX_financepaymentitem_FinancePaymentId" ON financepaymentitem ("FinancePaymentId");


CREATE INDEX "IX_financepurchaseinvoiceitem_FinancePurchaseInvoiceId" ON financepurchaseinvoiceitem ("FinancePurchaseInvoiceId");


CREATE UNIQUE INDEX "IX_financereceipt_FinanceReceiptCode" ON financereceipt ("FinanceReceiptCode");


CREATE INDEX "IX_financereceiptitem_FinanceReceiptId" ON financereceiptitem ("FinanceReceiptId");


CREATE INDEX "IX_inventorycountitem_PlanId" ON inventorycountitem ("PlanId");


CREATE UNIQUE INDEX "IX_inventorycountplan_PlanMonth_WarehouseId" ON inventorycountplan ("PlanMonth", "WarehouseId");


CREATE UNIQUE INDEX "IX_stockledger_BizType_BizId_BizLineId" ON stockledger ("BizType", "BizId", "BizLineId");


CREATE INDEX "IX_material_CategoryId" ON material ("CategoryId");


CREATE INDEX "IX_materialcategory_ParentId" ON materialcategory ("ParentId");


CREATE UNIQUE INDEX "IX_pickingtask_TaskCode" ON pickingtask ("TaskCode");


CREATE INDEX "IX_pickingtaskitem_PickingTaskId" ON pickingtaskitem ("PickingTaskId");


CREATE UNIQUE INDEX "IX_purchaseorder_purchase_order_code" ON purchaseorder (purchase_order_code);


CREATE INDEX "IX_purchaseorderitem_purchase_order_id" ON purchaseorderitem (purchase_order_id);


CREATE INDEX "IX_purchaseorderitem_sell_order_item_id" ON purchaseorderitem (sell_order_item_id);


CREATE INDEX "IX_qcitem_QcInfoId" ON qcitem ("QcInfoId");


CREATE UNIQUE INDEX "IX_quote_quote_code" ON quote (quote_code);


CREATE INDEX "IX_quoteitem_quote_id" ON quoteitem (quote_id);


CREATE UNIQUE INDEX "IX_rfq_rfq_code" ON rfq (rfq_code);


CREATE INDEX "IX_rfqitem_rfq_id" ON rfqitem (rfq_id);


CREATE INDEX "IX_sellinvoiceitem_FinanceSellInvoiceId" ON sellinvoiceitem ("FinanceSellInvoiceId");


CREATE UNIQUE INDEX "IX_sellorder_sell_order_code" ON sellorder (sell_order_code);


CREATE INDEX "IX_sellorderitem_sell_order_id" ON sellorderitem (sell_order_id);


CREATE INDEX "IX_stockinitem_StockInId" ON stockinitem ("StockInId");


CREATE INDEX "IX_stockinnotifyitem_StockInNotifyId" ON stockinnotifyitem ("StockInNotifyId");


CREATE INDEX "IX_stockoutitem_StockOutId" ON stockoutitem ("StockOutId");


CREATE INDEX "IX_sys_department_ParentId" ON sys_department ("ParentId");


CREATE UNIQUE INDEX "IX_sys_permission_PermissionCode" ON sys_permission ("PermissionCode");


CREATE UNIQUE INDEX "IX_sys_role_RoleCode" ON sys_role ("RoleCode");


CREATE UNIQUE INDEX "IX_sys_role_permission_RoleId_PermissionId" ON sys_role_permission ("RoleId", "PermissionId");


CREATE UNIQUE INDEX "IX_sys_serial_number_ModuleCode" ON sys_serial_number ("ModuleCode");


CREATE UNIQUE INDEX "IX_sys_user_department_UserId_DepartmentId" ON sys_user_department ("UserId", "DepartmentId");


CREATE UNIQUE INDEX "IX_sys_user_role_UserId_RoleId" ON sys_user_role ("UserId", "RoleId");


CREATE INDEX "IX_sysparam_GroupId" ON sysparam ("GroupId");


CREATE UNIQUE INDEX "IX_sysparam_ParamCode" ON sysparam ("ParamCode");


CREATE INDEX "IX_sysparamgroup_ParentId" ON sysparamgroup ("ParentId");


CREATE INDEX "IX_sysparamhistory_ParamId" ON sysparamhistory ("ParamId");


CREATE INDEX "IX_tag_definition_Code" ON tag_definition ("Code");


CREATE INDEX "IX_tag_relation_EntityType_EntityId" ON tag_relation ("EntityType", "EntityId");


CREATE INDEX "IX_tag_relation_EntityType_TagId" ON tag_relation ("EntityType", "TagId");


CREATE INDEX "IX_tag_relation_TagId" ON tag_relation ("TagId");


CREATE INDEX "IX_upload_document_BizType_BizId" ON upload_document ("BizType", "BizId");


CREATE INDEX "IX_upload_document_CreateTime" ON upload_document ("CreateTime");


CREATE INDEX "IX_user_favorite_EntityType_EntityId" ON user_favorite ("EntityType", "EntityId");


CREATE UNIQUE INDEX "IX_user_favorite_UserId_EntityType_EntityId" ON user_favorite ("UserId", "EntityType", "EntityId");


CREATE INDEX "IX_user_tag_preference_UserId" ON user_tag_preference ("UserId");


CREATE INDEX "IX_user_tag_preference_UserId_IsFavorite" ON user_tag_preference ("UserId", "IsFavorite");


CREATE INDEX "IX_vendoraddress_VendorId" ON vendoraddress ("VendorId");


CREATE INDEX "IX_vendorbankinfo_VendorId" ON vendorbankinfo ("VendorId");


CREATE INDEX "IX_vendorcontactinfo_VendorId" ON vendorcontactinfo ("VendorId");


CREATE UNIQUE INDEX "IX_warehouseinfo_WarehouseCode" ON warehouseinfo ("WarehouseCode");


CREATE UNIQUE INDEX "IX_warehouselocation_ZoneId_LocationCode" ON warehouselocation ("ZoneId", "LocationCode");


CREATE UNIQUE INDEX "IX_warehouseshelf_LocationId_ShelfCode" ON warehouseshelf ("LocationId", "ShelfCode");


CREATE UNIQUE INDEX "IX_warehousezone_WarehouseId_ZoneCode" ON warehousezone ("WarehouseId", "ZoneCode");


SELECT setval(
    pg_get_serial_sequence('sys_serial_number', 'Id'),
    GREATEST(
        (SELECT MAX("Id") FROM sys_serial_number) + 1,
        nextval(pg_get_serial_sequence('sys_serial_number', 'Id'))),
    false);

-- =============================================================================
-- 以下：EF 迁移历史基线（与当前代码迁移列表一致，避免后续 dotnet ef 重复建表）
-- =============================================================================

CREATE TABLE IF NOT EXISTS "__EFMigrationsHistory" (
    "MigrationId" character varying(150) NOT NULL,
    "ProductVersion" character varying(32) NOT NULL,
    CONSTRAINT "PK___EFMigrationsHistory" PRIMARY KEY ("MigrationId")
);

INSERT INTO "__EFMigrationsHistory" ("MigrationId", "ProductVersion") VALUES
('20260316063302_InitialCreate', '9.0.11'),
('20260316072003_AddSerialNumberAndErrorLogAndSoftDelete', '9.0.11'),
('20260316095624_AddComponentCache', '9.0.11'),
('20260316100000_AddSysTables', '9.0.11'),
('20260317000000_AddVendorAndInventoryTables', '9.0.11'),
('20260317024250_AddContactHistoryFields', '9.0.11'),
('20260317145231_AddRFQTables', '9.0.11'),
('20260317162715_AddQuoteTables', '9.0.11'),
('20260317170015_AddSalesAndPurchaseOrderTables', '9.0.11'),
('20260319021703_AddVendorTables', '9.0.11'),
('20260319034349_FixRFQList', '9.0.11'),
('20260320161913_AddDebugRecord', '9.0.11'),
('20260322094614_ModelAlignment_20260322', '9.0.11'),
('20260323082644_PurchaseRequisitionModule', '9.0.11'),
('20260323160000_AddPurchaseOrderItemInnerCommentColumn', '9.0.11'),
('20260323180000_AddSellOrderAuditRemark', '9.0.11'),
('20260323193000_AlignPurchaseOrderStatusWorkflow', '9.0.11'),
('20260324120000_EnsureFinanceTablesIfMissing', '9.0.11'),
('20260324143000_AlignFinancePaymentStatusToPRD', '9.0.11'),
('20260324173000_AddLogisticsDocuments', '9.0.11'),
('20260324193000_AddDatabaseFieldComments', '9.0.11'),
('20260324195000_RefineEnumCommentsForStatusTypeFields', '9.0.11'),
('20260324201000_RefineEnumCommentsForRfqQuoteRbacEtc', '9.0.11'),
('20260324223000_AddInventoryCenterTables', '9.0.11'),
('20260325100000_SerialNumberPrefixesAndBusinessCodes', '9.0.11'),
('20260325120000_AddStockOutRequestItem', '9.0.11'),
('20260325120000_EnsureSysParamAndDisplayTimeZone', '9.0.11'),
('20260325183000_StockOutRequestFlattenSingleTable', '9.0.11'),
('20260325200000_DropStockOutRequestSalesOrderLineNo', '9.0.11'),
('20260325210000_EnsureMaterialTablesIfMissing', '9.0.11'),
('20260325230000_RfqItemAssignedPurchasersAndSysParams', '9.0.11')
ON CONFLICT ("MigrationId") DO NOTHING;

-- gen_random_uuid()（用户部门/角色关联、角色权限多行插入）
CREATE EXTENSION IF NOT EXISTS pgcrypto;

-- =============================================================================
-- 系统参数分组 + 需求轮询采购员角色（与迁移种子对齐，便于空库即用）
-- =============================================================================

INSERT INTO sysparamgroup ("GroupId", "GroupCode", "GroupName", "ParentId", "Level", "SortOrder", "Description", "Status", "CreateTime")
SELECT
    'a0000000-0000-4000-8000-000000000001',
    'System.Display',
    '系统显示',
    NULL,
    1,
    1,
    '种子',
    1,
    TIMESTAMPTZ '2026-01-01T00:00:00Z'
WHERE NOT EXISTS (SELECT 1 FROM sysparamgroup g WHERE g."GroupCode" = 'System.Display');

INSERT INTO sysparam (
    "ParamId", "ParamCode", "ParamName", "GroupId", "DataType", "ValueString", "DefaultValue", "Description",
    "IsArray", "IsSystem", "IsEditable", "IsVisible", "SortOrder", "Status", "CreateTime"
)
SELECT '00000000-0000-4000-8000-000000000012', 'System.RFQ.RoundRobinPurchaserRoleCodes', '需求明细轮询采购员角色编码',
    'a0000000-0000-4000-8000-000000000001', 1, 'purchase_buyer', '', '逗号分隔 RBAC RoleCode',
    FALSE, TRUE, TRUE, TRUE, 10, 1, TIMESTAMPTZ '2026-01-01T00:00:00Z'
WHERE NOT EXISTS (SELECT 1 FROM sysparam p WHERE p."ParamCode" = 'System.RFQ.RoundRobinPurchaserRoleCodes');

INSERT INTO sysparam (
    "ParamId", "ParamCode", "ParamName", "GroupId", "DataType", "ValueString", "DefaultValue", "Description",
    "IsArray", "IsSystem", "IsEditable", "IsVisible", "SortOrder", "Status", "CreateTime"
)
SELECT '00000000-0000-4000-8000-000000000013', 'System.RFQ.PurchaserRoundRobinCursor', '需求明细采购员轮询游标',
    'a0000000-0000-4000-8000-000000000001', 1, '0', '0', '轮询游标',
    FALSE, TRUE, TRUE, FALSE, 11, 1, TIMESTAMPTZ '2026-01-01T00:00:00Z'
WHERE NOT EXISTS (SELECT 1 FROM sysparam p WHERE p."ParamCode" = 'System.RFQ.PurchaserRoundRobinCursor');

-- =============================================================================
-- 权限（与前端路由 permission 对齐）
-- =============================================================================

INSERT INTO sys_permission ("PermissionId", "PermissionCode", "PermissionName", "PermissionType", "Resource", "Action", "Status", "CreateTime") VALUES
('p0000000-0000-4000-8000-000000000001', 'customer.read', '客户查看', 'api', NULL, NULL, 1, TIMESTAMPTZ '2026-01-01T00:00:00Z'),
('p0000000-0000-4000-8000-000000000002', 'customer.write', '客户维护', 'api', NULL, NULL, 1, TIMESTAMPTZ '2026-01-01T00:00:00Z'),
('p0000000-0000-4000-8000-000000000003', 'rfq.read', '需求/询价查看', 'api', NULL, NULL, 1, TIMESTAMPTZ '2026-01-01T00:00:00Z'),
('p0000000-0000-4000-8000-000000000004', 'rfq.write', '需求/询价维护', 'api', NULL, NULL, 1, TIMESTAMPTZ '2026-01-01T00:00:00Z'),
('p0000000-0000-4000-8000-000000000005', 'vendor.read', '供应商查看', 'api', NULL, NULL, 1, TIMESTAMPTZ '2026-01-01T00:00:00Z'),
('p0000000-0000-4000-8000-000000000006', 'vendor.write', '供应商维护', 'api', NULL, NULL, 1, TIMESTAMPTZ '2026-01-01T00:00:00Z'),
('p0000000-0000-4000-8000-000000000007', 'sales-order.read', '销售订单查看', 'api', NULL, NULL, 1, TIMESTAMPTZ '2026-01-01T00:00:00Z'),
('p0000000-0000-4000-8000-000000000008', 'sales-order.write', '销售订单维护', 'api', NULL, NULL, 1, TIMESTAMPTZ '2026-01-01T00:00:00Z'),
('p0000000-0000-4000-8000-000000000009', 'purchase-order.read', '采购订单查看', 'api', NULL, NULL, 1, TIMESTAMPTZ '2026-01-01T00:00:00Z'),
('p0000000-0000-4000-8000-000000000010', 'purchase-order.write', '采购订单维护', 'api', NULL, NULL, 1, TIMESTAMPTZ '2026-01-01T00:00:00Z'),
('p0000000-0000-4000-8000-000000000011', 'draft.read', '草稿箱', 'api', NULL, NULL, 1, TIMESTAMPTZ '2026-01-01T00:00:00Z'),
('p0000000-0000-4000-8000-000000000012', 'rbac.manage', 'RBAC与员工部门管理', 'api', NULL, NULL, 1, TIMESTAMPTZ '2026-01-01T00:00:00Z')
ON CONFLICT ("PermissionCode") DO NOTHING;

-- =============================================================================
-- 角色
-- =============================================================================

INSERT INTO sys_role ("RoleId", "RoleCode", "RoleName", "Description", "Status", "CreateTime") VALUES
('r0000000-0000-4000-8000-000000000001', 'SYS_ADMIN', '系统管理员', '超级管理员', 1, TIMESTAMPTZ '2026-01-01T00:00:00Z'),
('r0000000-0000-4000-8000-000000000002', 'DEPT_DIRECTOR', '部门总监', '组织层级：总监', 1, TIMESTAMPTZ '2026-01-01T00:00:00Z'),
('r0000000-0000-4000-8000-000000000003', 'DEPT_MANAGER', '部门经理', '组织层级：经理', 1, TIMESTAMPTZ '2026-01-01T00:00:00Z'),
('r0000000-0000-4000-8000-000000000004', 'DEPT_EMPLOYEE', '部门员工', '组织层级：员工', 1, TIMESTAMPTZ '2026-01-01T00:00:00Z'),
('r0000000-0000-4000-8000-000000000005', 'purchase_buyer', '采购员', '询价分配/采购执行（轮询角色码）', 1, TIMESTAMPTZ '2026-01-01T00:00:00Z'),
('r0000000-0000-4000-8000-000000000006', 'biz_all', '业务全权限(非RBAC)', '总监/经理业务菜单', 1, TIMESTAMPTZ '2026-01-01T00:00:00Z'),
('r0000000-0000-4000-8000-000000000007', 'sales_operator', '销售职员权限', '销售部门员工', 1, TIMESTAMPTZ '2026-01-01T00:00:00Z'),
('r0000000-0000-4000-8000-000000000008', 'purchase_operator', '采购职员权限', '采购部门非买家或经理辅助', 1, TIMESTAMPTZ '2026-01-01T00:00:00Z'),
('r0000000-0000-4000-8000-000000000009', 'commerce_operator', '商务职员权限', '商务部门员工', 1, TIMESTAMPTZ '2026-01-01T00:00:00Z'),
('r0000000-0000-4000-8000-000000000010', 'purchase_ops_operator', '采购运营职员权限', '采购运营员工', 1, TIMESTAMPTZ '2026-01-01T00:00:00Z'),
('r0000000-0000-4000-8000-000000000011', 'logistics_operator', '物流职员权限', '物流部门员工', 1, TIMESTAMPTZ '2026-01-01T00:00:00Z'),
('r0000000-0000-4000-8000-000000000012', 'finance_operator', '财务职员权限', '财务部门员工', 1, TIMESTAMPTZ '2026-01-01T00:00:00Z')
ON CONFLICT ("RoleCode") DO NOTHING;

-- 角色-权限（ON CONFLICT 需唯一索引 RoleId+PermissionId）
INSERT INTO sys_role_permission ("RolePermissionId", "RoleId", "PermissionId", "CreateTime")
SELECT gen_random_uuid()::text, 'r0000000-0000-4000-8000-000000000001', p."PermissionId", TIMESTAMPTZ '2026-01-01T00:00:00Z'
FROM sys_permission p WHERE p."PermissionCode" = 'rbac.manage'
ON CONFLICT ("RoleId", "PermissionId") DO NOTHING;

INSERT INTO sys_role_permission ("RolePermissionId", "RoleId", "PermissionId", "CreateTime")
SELECT gen_random_uuid()::text, 'r0000000-0000-4000-8000-000000000006', p."PermissionId", TIMESTAMPTZ '2026-01-01T00:00:00Z'
FROM sys_permission p WHERE p."PermissionCode" IN (
    'customer.read','customer.write','rfq.read','rfq.write','vendor.read','vendor.write',
    'sales-order.read','sales-order.write','purchase-order.read','purchase-order.write','draft.read')
ON CONFLICT ("RoleId", "PermissionId") DO NOTHING;

INSERT INTO sys_role_permission ("RolePermissionId", "RoleId", "PermissionId", "CreateTime")
SELECT gen_random_uuid()::text, 'r0000000-0000-4000-8000-000000000007', p."PermissionId", TIMESTAMPTZ '2026-01-01T00:00:00Z'
FROM sys_permission p WHERE p."PermissionCode" IN ('customer.read','customer.write','rfq.read','sales-order.read','draft.read')
ON CONFLICT ("RoleId", "PermissionId") DO NOTHING;

INSERT INTO sys_role_permission ("RolePermissionId", "RoleId", "PermissionId", "CreateTime")
SELECT gen_random_uuid()::text, 'r0000000-0000-4000-8000-000000000008', p."PermissionId", TIMESTAMPTZ '2026-01-01T00:00:00Z'
FROM sys_permission p WHERE p."PermissionCode" IN ('vendor.read','vendor.write','rfq.read','purchase-order.read','draft.read')
ON CONFLICT ("RoleId", "PermissionId") DO NOTHING;

INSERT INTO sys_role_permission ("RolePermissionId", "RoleId", "PermissionId", "CreateTime")
SELECT gen_random_uuid()::text, 'r0000000-0000-4000-8000-000000000005', p."PermissionId", TIMESTAMPTZ '2026-01-01T00:00:00Z'
FROM sys_permission p WHERE p."PermissionCode" IN ('rfq.read','vendor.read','purchase-order.read')
ON CONFLICT ("RoleId", "PermissionId") DO NOTHING;

INSERT INTO sys_role_permission ("RolePermissionId", "RoleId", "PermissionId", "CreateTime")
SELECT gen_random_uuid()::text, 'r0000000-0000-4000-8000-000000000009', p."PermissionId", TIMESTAMPTZ '2026-01-01T00:00:00Z'
FROM sys_permission p WHERE p."PermissionCode" IN ('customer.read','rfq.read','draft.read')
ON CONFLICT ("RoleId", "PermissionId") DO NOTHING;

INSERT INTO sys_role_permission ("RolePermissionId", "RoleId", "PermissionId", "CreateTime")
SELECT gen_random_uuid()::text, 'r0000000-0000-4000-8000-000000000010', p."PermissionId", TIMESTAMPTZ '2026-01-01T00:00:00Z'
FROM sys_permission p WHERE p."PermissionCode" IN ('purchase-order.read','rfq.read','sales-order.read','draft.read')
ON CONFLICT ("RoleId", "PermissionId") DO NOTHING;

INSERT INTO sys_role_permission ("RolePermissionId", "RoleId", "PermissionId", "CreateTime")
SELECT gen_random_uuid()::text, 'r0000000-0000-4000-8000-000000000011', p."PermissionId", TIMESTAMPTZ '2026-01-01T00:00:00Z'
FROM sys_permission p WHERE p."PermissionCode" IN ('sales-order.read','purchase-order.read','draft.read')
ON CONFLICT ("RoleId", "PermissionId") DO NOTHING;

INSERT INTO sys_role_permission ("RolePermissionId", "RoleId", "PermissionId", "CreateTime")
SELECT gen_random_uuid()::text, 'r0000000-0000-4000-8000-000000000012', p."PermissionId", TIMESTAMPTZ '2026-01-01T00:00:00Z'
FROM sys_permission p WHERE p."PermissionCode" IN ('draft.read','customer.read','vendor.read','purchase-order.read','sales-order.read')
ON CONFLICT ("RoleId", "PermissionId") DO NOTHING;

-- =============================================================================
-- 部门（IdentityType: 1销售 2采购 4商务 3采购运营 6物流 5财务）
-- 数据范围：本部门及下级=3
-- =============================================================================

INSERT INTO sys_department ("DepartmentId", "DepartmentName", "ParentId", "Path", "Level", "SaleDataScope", "PurchaseDataScope", "IdentityType", "Status", "CreateTime") VALUES
('d0000000-0000-4000-8000-000000000001', '销售部', NULL, '/SALES', 1, 3, 3, 1, 1, TIMESTAMPTZ '2026-01-01T00:00:00Z'),
('d0000000-0000-4000-8000-000000000002', '采购部', NULL, '/PURCHASE', 1, 3, 3, 2, 1, TIMESTAMPTZ '2026-01-01T00:00:00Z'),
('d0000000-0000-4000-8000-000000000003', '商务部', NULL, '/COMMERCE', 1, 3, 3, 4, 1, TIMESTAMPTZ '2026-01-01T00:00:00Z'),
('d0000000-0000-4000-8000-000000000004', '采购运营部', NULL, '/PURCHASE_OPS', 1, 3, 3, 3, 1, TIMESTAMPTZ '2026-01-01T00:00:00Z'),
('d0000000-0000-4000-8000-000000000005', '物流部', NULL, '/LOGISTICS', 1, 3, 3, 6, 1, TIMESTAMPTZ '2026-01-01T00:00:00Z'),
('d0000000-0000-4000-8000-000000000006', '财务部', NULL, '/FINANCE', 1, 3, 3, 5, 1, TIMESTAMPTZ '2026-01-01T00:00:00Z')
ON CONFLICT ("DepartmentId") DO NOTHING;

-- =============================================================================
-- 用户（Password 列为 BCrypt 哈希；Salt 列占位与注册逻辑一致）
-- 职员密码 123456；管理员 Admin123
-- =============================================================================

INSERT INTO "user" ("UserId", "UserName", "Email", "Password", "Salt", "PasswordPlain", "IsActive", "Status", "RealName", "CreateTime") VALUES
('u0000000-0000-4000-8000-000000000000', 'Admin', 'admin@local', $bc1$$2a$11$NG0gQf4DfJDQRP47SJ3OXueDdnuKS3gNjU4lLFCZ35Q9ypDPRFJfu$bc1$, $bc2$$2a$11$NLpyDRIrY9Cc1oeKO5Tu..$bc2$, 'Admin123', TRUE, 1, '系统管理员', TIMESTAMPTZ '2026-01-01T00:00:00Z'),
('u0000000-0000-4000-8000-000000010001', 'sales_director', 'sales.zj@local', $bc1$$2a$11$RTn5NkLMwh4A475vXK6bHu8/YMUv8PLyeJd7EgqdWetIdy4Wnds.e$bc1$, $bc2$$2a$11$NLpyDRIrY9Cc1oeKO5Tu..$bc2$, '123456', TRUE, 1, '销售总监', TIMESTAMPTZ '2026-01-01T00:00:00Z'),
('u0000000-0000-4000-8000-000000010002', 'sales_manager', 'sales.jl@local', $bc1$$2a$11$RTn5NkLMwh4A475vXK6bHu8/YMUv8PLyeJd7EgqdWetIdy4Wnds.e$bc1$, $bc2$$2a$11$NLpyDRIrY9Cc1oeKO5Tu..$bc2$, '123456', TRUE, 1, '销售经理', TIMESTAMPTZ '2026-01-01T00:00:00Z'),
('u0000000-0000-4000-8000-000000010003', 'sales_staff', 'sales.yg@local', $bc1$$2a$11$RTn5NkLMwh4A475vXK6bHu8/YMUv8PLyeJd7EgqdWetIdy4Wnds.e$bc1$, $bc2$$2a$11$NLpyDRIrY9Cc1oeKO5Tu..$bc2$, '123456', TRUE, 1, '销售员工', TIMESTAMPTZ '2026-01-01T00:00:00Z'),
('u0000000-0000-4000-8000-000000020001', 'pur_director', 'pur.zj@local', $bc1$$2a$11$RTn5NkLMwh4A475vXK6bHu8/YMUv8PLyeJd7EgqdWetIdy4Wnds.e$bc1$, $bc2$$2a$11$NLpyDRIrY9Cc1oeKO5Tu..$bc2$, '123456', TRUE, 1, '采购总监', TIMESTAMPTZ '2026-01-01T00:00:00Z'),
('u0000000-0000-4000-8000-000000020002', 'pur_manager', 'pur.jl@local', $bc1$$2a$11$RTn5NkLMwh4A475vXK6bHu8/YMUv8PLyeJd7EgqdWetIdy4Wnds.e$bc1$, $bc2$$2a$11$NLpyDRIrY9Cc1oeKO5Tu..$bc2$, '123456', TRUE, 1, '采购经理', TIMESTAMPTZ '2026-01-01T00:00:00Z'),
('u0000000-0000-4000-8000-000000020003', 'pur_buyer1', 'pur.cg1@local', $bc1$$2a$11$RTn5NkLMwh4A475vXK6bHu8/YMUv8PLyeJd7EgqdWetIdy4Wnds.e$bc1$, $bc2$$2a$11$NLpyDRIrY9Cc1oeKO5Tu..$bc2$, '123456', TRUE, 1, '采购员一', TIMESTAMPTZ '2026-01-01T00:00:00Z'),
('u0000000-0000-4000-8000-000000020004', 'pur_buyer2', 'pur.cg2@local', $bc1$$2a$11$RTn5NkLMwh4A475vXK6bHu8/YMUv8PLyeJd7EgqdWetIdy4Wnds.e$bc1$, $bc2$$2a$11$NLpyDRIrY9Cc1oeKO5Tu..$bc2$, '123456', TRUE, 1, '采购员二', TIMESTAMPTZ '2026-01-01T00:00:00Z'),
('u0000000-0000-4000-8000-000000020005', 'pur_buyer3', 'pur.cg3@local', $bc1$$2a$11$RTn5NkLMwh4A475vXK6bHu8/YMUv8PLyeJd7EgqdWetIdy4Wnds.e$bc1$, $bc2$$2a$11$NLpyDRIrY9Cc1oeKO5Tu..$bc2$, '123456', TRUE, 1, '采购员三', TIMESTAMPTZ '2026-01-01T00:00:00Z'),
('u0000000-0000-4000-8000-000000020006', 'pur_buyer4', 'pur.cg4@local', $bc1$$2a$11$RTn5NkLMwh4A475vXK6bHu8/YMUv8PLyeJd7EgqdWetIdy4Wnds.e$bc1$, $bc2$$2a$11$NLpyDRIrY9Cc1oeKO5Tu..$bc2$, '123456', TRUE, 1, '采购员四', TIMESTAMPTZ '2026-01-01T00:00:00Z'),
('u0000000-0000-4000-8000-000000030001', 'biz_director', 'biz.zj@local', $bc1$$2a$11$RTn5NkLMwh4A475vXK6bHu8/YMUv8PLyeJd7EgqdWetIdy4Wnds.e$bc1$, $bc2$$2a$11$NLpyDRIrY9Cc1oeKO5Tu..$bc2$, '123456', TRUE, 1, '商务总监', TIMESTAMPTZ '2026-01-01T00:00:00Z'),
('u0000000-0000-4000-8000-000000030002', 'biz_manager', 'biz.jl@local', $bc1$$2a$11$RTn5NkLMwh4A475vXK6bHu8/YMUv8PLyeJd7EgqdWetIdy4Wnds.e$bc1$, $bc2$$2a$11$NLpyDRIrY9Cc1oeKO5Tu..$bc2$, '123456', TRUE, 1, '商务经理', TIMESTAMPTZ '2026-01-01T00:00:00Z'),
('u0000000-0000-4000-8000-000000030003', 'biz_staff', 'biz.yg@local', $bc1$$2a$11$RTn5NkLMwh4A475vXK6bHu8/YMUv8PLyeJd7EgqdWetIdy4Wnds.e$bc1$, $bc2$$2a$11$NLpyDRIrY9Cc1oeKO5Tu..$bc2$, '123456', TRUE, 1, '商务员工', TIMESTAMPTZ '2026-01-01T00:00:00Z'),
('u0000000-0000-4000-8000-000000040001', 'purops_director', 'purops.zj@local', $bc1$$2a$11$RTn5NkLMwh4A475vXK6bHu8/YMUv8PLyeJd7EgqdWetIdy4Wnds.e$bc1$, $bc2$$2a$11$NLpyDRIrY9Cc1oeKO5Tu..$bc2$, '123456', TRUE, 1, '采购运营总监', TIMESTAMPTZ '2026-01-01T00:00:00Z'),
('u0000000-0000-4000-8000-000000040002', 'purops_manager', 'purops.jl@local', $bc1$$2a$11$RTn5NkLMwh4A475vXK6bHu8/YMUv8PLyeJd7EgqdWetIdy4Wnds.e$bc1$, $bc2$$2a$11$NLpyDRIrY9Cc1oeKO5Tu..$bc2$, '123456', TRUE, 1, '采购运营经理', TIMESTAMPTZ '2026-01-01T00:00:00Z'),
('u0000000-0000-4000-8000-000000040003', 'purops_staff', 'purops.yg@local', $bc1$$2a$11$RTn5NkLMwh4A475vXK6bHu8/YMUv8PLyeJd7EgqdWetIdy4Wnds.e$bc1$, $bc2$$2a$11$NLpyDRIrY9Cc1oeKO5Tu..$bc2$, '123456', TRUE, 1, '采购运营员工', TIMESTAMPTZ '2026-01-01T00:00:00Z'),
('u0000000-0000-4000-8000-000000050001', 'log_director', 'log.zj@local', $bc1$$2a$11$RTn5NkLMwh4A475vXK6bHu8/YMUv8PLyeJd7EgqdWetIdy4Wnds.e$bc1$, $bc2$$2a$11$NLpyDRIrY9Cc1oeKO5Tu..$bc2$, '123456', TRUE, 1, '物流总监', TIMESTAMPTZ '2026-01-01T00:00:00Z'),
('u0000000-0000-4000-8000-000000050002', 'log_manager', 'log.jl@local', $bc1$$2a$11$RTn5NkLMwh4A475vXK6bHu8/YMUv8PLyeJd7EgqdWetIdy4Wnds.e$bc1$, $bc2$$2a$11$NLpyDRIrY9Cc1oeKO5Tu..$bc2$, '123456', TRUE, 1, '物流经理', TIMESTAMPTZ '2026-01-01T00:00:00Z'),
('u0000000-0000-4000-8000-000000050003', 'log_staff', 'log.yg@local', $bc1$$2a$11$RTn5NkLMwh4A475vXK6bHu8/YMUv8PLyeJd7EgqdWetIdy4Wnds.e$bc1$, $bc2$$2a$11$NLpyDRIrY9Cc1oeKO5Tu..$bc2$, '123456', TRUE, 1, '物流员工', TIMESTAMPTZ '2026-01-01T00:00:00Z'),
('u0000000-0000-4000-8000-000000060001', 'fin_director', 'fin.zj@local', $bc1$$2a$11$RTn5NkLMwh4A475vXK6bHu8/YMUv8PLyeJd7EgqdWetIdy4Wnds.e$bc1$, $bc2$$2a$11$NLpyDRIrY9Cc1oeKO5Tu..$bc2$, '123456', TRUE, 1, '财务总监', TIMESTAMPTZ '2026-01-01T00:00:00Z'),
('u0000000-0000-4000-8000-000000060002', 'fin_manager', 'fin.jl@local', $bc1$$2a$11$RTn5NkLMwh4A475vXK6bHu8/YMUv8PLyeJd7EgqdWetIdy4Wnds.e$bc1$, $bc2$$2a$11$NLpyDRIrY9Cc1oeKO5Tu..$bc2$, '123456', TRUE, 1, '财务经理', TIMESTAMPTZ '2026-01-01T00:00:00Z'),
('u0000000-0000-4000-8000-000000060003', 'fin_staff', 'fin.yg@local', $bc1$$2a$11$RTn5NkLMwh4A475vXK6bHu8/YMUv8PLyeJd7EgqdWetIdy4Wnds.e$bc1$, $bc2$$2a$11$NLpyDRIrY9Cc1oeKO5Tu..$bc2$, '123456', TRUE, 1, '财务员工', TIMESTAMPTZ '2026-01-01T00:00:00Z')
ON CONFLICT ("UserId") DO NOTHING;

-- 用户-部门（主职）
INSERT INTO sys_user_department ("UserDepartmentId", "UserId", "DepartmentId", "IsPrimary", "CreateTime") VALUES
(gen_random_uuid()::text, 'u0000000-0000-4000-8000-000000000000', 'd0000000-0000-4000-8000-000000000001', TRUE, TIMESTAMPTZ '2026-01-01T00:00:00Z'),
(gen_random_uuid()::text, 'u0000000-0000-4000-8000-000000010001', 'd0000000-0000-4000-8000-000000000001', TRUE, TIMESTAMPTZ '2026-01-01T00:00:00Z'),
(gen_random_uuid()::text, 'u0000000-0000-4000-8000-000000010002', 'd0000000-0000-4000-8000-000000000001', TRUE, TIMESTAMPTZ '2026-01-01T00:00:00Z'),
(gen_random_uuid()::text, 'u0000000-0000-4000-8000-000000010003', 'd0000000-0000-4000-8000-000000000001', TRUE, TIMESTAMPTZ '2026-01-01T00:00:00Z'),
(gen_random_uuid()::text, 'u0000000-0000-4000-8000-000000020001', 'd0000000-0000-4000-8000-000000000002', TRUE, TIMESTAMPTZ '2026-01-01T00:00:00Z'),
(gen_random_uuid()::text, 'u0000000-0000-4000-8000-000000020002', 'd0000000-0000-4000-8000-000000000002', TRUE, TIMESTAMPTZ '2026-01-01T00:00:00Z'),
(gen_random_uuid()::text, 'u0000000-0000-4000-8000-000000020003', 'd0000000-0000-4000-8000-000000000002', TRUE, TIMESTAMPTZ '2026-01-01T00:00:00Z'),
(gen_random_uuid()::text, 'u0000000-0000-4000-8000-000000020004', 'd0000000-0000-4000-8000-000000000002', TRUE, TIMESTAMPTZ '2026-01-01T00:00:00Z'),
(gen_random_uuid()::text, 'u0000000-0000-4000-8000-000000020005', 'd0000000-0000-4000-8000-000000000002', TRUE, TIMESTAMPTZ '2026-01-01T00:00:00Z'),
(gen_random_uuid()::text, 'u0000000-0000-4000-8000-000000020006', 'd0000000-0000-4000-8000-000000000002', TRUE, TIMESTAMPTZ '2026-01-01T00:00:00Z'),
(gen_random_uuid()::text, 'u0000000-0000-4000-8000-000000030001', 'd0000000-0000-4000-8000-000000000003', TRUE, TIMESTAMPTZ '2026-01-01T00:00:00Z'),
(gen_random_uuid()::text, 'u0000000-0000-4000-8000-000000030002', 'd0000000-0000-4000-8000-000000000003', TRUE, TIMESTAMPTZ '2026-01-01T00:00:00Z'),
(gen_random_uuid()::text, 'u0000000-0000-4000-8000-000000030003', 'd0000000-0000-4000-8000-000000000003', TRUE, TIMESTAMPTZ '2026-01-01T00:00:00Z'),
(gen_random_uuid()::text, 'u0000000-0000-4000-8000-000000040001', 'd0000000-0000-4000-8000-000000000004', TRUE, TIMESTAMPTZ '2026-01-01T00:00:00Z'),
(gen_random_uuid()::text, 'u0000000-0000-4000-8000-000000040002', 'd0000000-0000-4000-8000-000000000004', TRUE, TIMESTAMPTZ '2026-01-01T00:00:00Z'),
(gen_random_uuid()::text, 'u0000000-0000-4000-8000-000000040003', 'd0000000-0000-4000-8000-000000000004', TRUE, TIMESTAMPTZ '2026-01-01T00:00:00Z'),
(gen_random_uuid()::text, 'u0000000-0000-4000-8000-000000050001', 'd0000000-0000-4000-8000-000000000005', TRUE, TIMESTAMPTZ '2026-01-01T00:00:00Z'),
(gen_random_uuid()::text, 'u0000000-0000-4000-8000-000000050002', 'd0000000-0000-4000-8000-000000000005', TRUE, TIMESTAMPTZ '2026-01-01T00:00:00Z'),
(gen_random_uuid()::text, 'u0000000-0000-4000-8000-000000050003', 'd0000000-0000-4000-8000-000000000005', TRUE, TIMESTAMPTZ '2026-01-01T00:00:00Z'),
(gen_random_uuid()::text, 'u0000000-0000-4000-8000-000000060001', 'd0000000-0000-4000-8000-000000000006', TRUE, TIMESTAMPTZ '2026-01-01T00:00:00Z'),
(gen_random_uuid()::text, 'u0000000-0000-4000-8000-000000060002', 'd0000000-0000-4000-8000-000000000006', TRUE, TIMESTAMPTZ '2026-01-01T00:00:00Z'),
(gen_random_uuid()::text, 'u0000000-0000-4000-8000-000000060003', 'd0000000-0000-4000-8000-000000000006', TRUE, TIMESTAMPTZ '2026-01-01T00:00:00Z')
ON CONFLICT ("UserId", "DepartmentId") DO NOTHING;

-- 用户-角色
INSERT INTO sys_user_role ("UserRoleId", "UserId", "RoleId", "CreateTime") VALUES
(gen_random_uuid()::text, 'u0000000-0000-4000-8000-000000000000', 'r0000000-0000-4000-8000-000000000001', TIMESTAMPTZ '2026-01-01T00:00:00Z'),
(gen_random_uuid()::text, 'u0000000-0000-4000-8000-000000010001', 'r0000000-0000-4000-8000-000000000002', TIMESTAMPTZ '2026-01-01T00:00:00Z'),
(gen_random_uuid()::text, 'u0000000-0000-4000-8000-000000010001', 'r0000000-0000-4000-8000-000000000006', TIMESTAMPTZ '2026-01-01T00:00:00Z'),
(gen_random_uuid()::text, 'u0000000-0000-4000-8000-000000010002', 'r0000000-0000-4000-8000-000000000003', TIMESTAMPTZ '2026-01-01T00:00:00Z'),
(gen_random_uuid()::text, 'u0000000-0000-4000-8000-000000010002', 'r0000000-0000-4000-8000-000000000006', TIMESTAMPTZ '2026-01-01T00:00:00Z'),
(gen_random_uuid()::text, 'u0000000-0000-4000-8000-000000010003', 'r0000000-0000-4000-8000-000000000004', TIMESTAMPTZ '2026-01-01T00:00:00Z'),
(gen_random_uuid()::text, 'u0000000-0000-4000-8000-000000010003', 'r0000000-0000-4000-8000-000000000007', TIMESTAMPTZ '2026-01-01T00:00:00Z'),
(gen_random_uuid()::text, 'u0000000-0000-4000-8000-000000020001', 'r0000000-0000-4000-8000-000000000002', TIMESTAMPTZ '2026-01-01T00:00:00Z'),
(gen_random_uuid()::text, 'u0000000-0000-4000-8000-000000020001', 'r0000000-0000-4000-8000-000000000006', TIMESTAMPTZ '2026-01-01T00:00:00Z'),
(gen_random_uuid()::text, 'u0000000-0000-4000-8000-000000020002', 'r0000000-0000-4000-8000-000000000003', TIMESTAMPTZ '2026-01-01T00:00:00Z'),
(gen_random_uuid()::text, 'u0000000-0000-4000-8000-000000020002', 'r0000000-0000-4000-8000-000000000006', TIMESTAMPTZ '2026-01-01T00:00:00Z'),
(gen_random_uuid()::text, 'u0000000-0000-4000-8000-000000020003', 'r0000000-0000-4000-8000-000000000004', TIMESTAMPTZ '2026-01-01T00:00:00Z'),
(gen_random_uuid()::text, 'u0000000-0000-4000-8000-000000020003', 'r0000000-0000-4000-8000-000000000005', TIMESTAMPTZ '2026-01-01T00:00:00Z'),
(gen_random_uuid()::text, 'u0000000-0000-4000-8000-000000020004', 'r0000000-0000-4000-8000-000000000004', TIMESTAMPTZ '2026-01-01T00:00:00Z'),
(gen_random_uuid()::text, 'u0000000-0000-4000-8000-000000020004', 'r0000000-0000-4000-8000-000000000005', TIMESTAMPTZ '2026-01-01T00:00:00Z'),
(gen_random_uuid()::text, 'u0000000-0000-4000-8000-000000020005', 'r0000000-0000-4000-8000-000000000004', TIMESTAMPTZ '2026-01-01T00:00:00Z'),
(gen_random_uuid()::text, 'u0000000-0000-4000-8000-000000020005', 'r0000000-0000-4000-8000-000000000005', TIMESTAMPTZ '2026-01-01T00:00:00Z'),
(gen_random_uuid()::text, 'u0000000-0000-4000-8000-000000020006', 'r0000000-0000-4000-8000-000000000004', TIMESTAMPTZ '2026-01-01T00:00:00Z'),
(gen_random_uuid()::text, 'u0000000-0000-4000-8000-000000020006', 'r0000000-0000-4000-8000-000000000005', TIMESTAMPTZ '2026-01-01T00:00:00Z'),
(gen_random_uuid()::text, 'u0000000-0000-4000-8000-000000030001', 'r0000000-0000-4000-8000-000000000002', TIMESTAMPTZ '2026-01-01T00:00:00Z'),
(gen_random_uuid()::text, 'u0000000-0000-4000-8000-000000030001', 'r0000000-0000-4000-8000-000000000006', TIMESTAMPTZ '2026-01-01T00:00:00Z'),
(gen_random_uuid()::text, 'u0000000-0000-4000-8000-000000030002', 'r0000000-0000-4000-8000-000000000003', TIMESTAMPTZ '2026-01-01T00:00:00Z'),
(gen_random_uuid()::text, 'u0000000-0000-4000-8000-000000030002', 'r0000000-0000-4000-8000-000000000006', TIMESTAMPTZ '2026-01-01T00:00:00Z'),
(gen_random_uuid()::text, 'u0000000-0000-4000-8000-000000030003', 'r0000000-0000-4000-8000-000000000004', TIMESTAMPTZ '2026-01-01T00:00:00Z'),
(gen_random_uuid()::text, 'u0000000-0000-4000-8000-000000030003', 'r0000000-0000-4000-8000-000000000009', TIMESTAMPTZ '2026-01-01T00:00:00Z'),
(gen_random_uuid()::text, 'u0000000-0000-4000-8000-000000040001', 'r0000000-0000-4000-8000-000000000002', TIMESTAMPTZ '2026-01-01T00:00:00Z'),
(gen_random_uuid()::text, 'u0000000-0000-4000-8000-000000040001', 'r0000000-0000-4000-8000-000000000006', TIMESTAMPTZ '2026-01-01T00:00:00Z'),
(gen_random_uuid()::text, 'u0000000-0000-4000-8000-000000040002', 'r0000000-0000-4000-8000-000000000003', TIMESTAMPTZ '2026-01-01T00:00:00Z'),
(gen_random_uuid()::text, 'u0000000-0000-4000-8000-000000040002', 'r0000000-0000-4000-8000-000000000006', TIMESTAMPTZ '2026-01-01T00:00:00Z'),
(gen_random_uuid()::text, 'u0000000-0000-4000-8000-000000040003', 'r0000000-0000-4000-8000-000000000004', TIMESTAMPTZ '2026-01-01T00:00:00Z'),
(gen_random_uuid()::text, 'u0000000-0000-4000-8000-000000040003', 'r0000000-0000-4000-8000-000000000010', TIMESTAMPTZ '2026-01-01T00:00:00Z'),
(gen_random_uuid()::text, 'u0000000-0000-4000-8000-000000050001', 'r0000000-0000-4000-8000-000000000002', TIMESTAMPTZ '2026-01-01T00:00:00Z'),
(gen_random_uuid()::text, 'u0000000-0000-4000-8000-000000050001', 'r0000000-0000-4000-8000-000000000006', TIMESTAMPTZ '2026-01-01T00:00:00Z'),
(gen_random_uuid()::text, 'u0000000-0000-4000-8000-000000050002', 'r0000000-0000-4000-8000-000000000003', TIMESTAMPTZ '2026-01-01T00:00:00Z'),
(gen_random_uuid()::text, 'u0000000-0000-4000-8000-000000050002', 'r0000000-0000-4000-8000-000000000006', TIMESTAMPTZ '2026-01-01T00:00:00Z'),
(gen_random_uuid()::text, 'u0000000-0000-4000-8000-000000050003', 'r0000000-0000-4000-8000-000000000004', TIMESTAMPTZ '2026-01-01T00:00:00Z'),
(gen_random_uuid()::text, 'u0000000-0000-4000-8000-000000050003', 'r0000000-0000-4000-8000-000000000011', TIMESTAMPTZ '2026-01-01T00:00:00Z'),
(gen_random_uuid()::text, 'u0000000-0000-4000-8000-000000060001', 'r0000000-0000-4000-8000-000000000002', TIMESTAMPTZ '2026-01-01T00:00:00Z'),
(gen_random_uuid()::text, 'u0000000-0000-4000-8000-000000060001', 'r0000000-0000-4000-8000-000000000006', TIMESTAMPTZ '2026-01-01T00:00:00Z'),
(gen_random_uuid()::text, 'u0000000-0000-4000-8000-000000060002', 'r0000000-0000-4000-8000-000000000003', TIMESTAMPTZ '2026-01-01T00:00:00Z'),
(gen_random_uuid()::text, 'u0000000-0000-4000-8000-000000060002', 'r0000000-0000-4000-8000-000000000006', TIMESTAMPTZ '2026-01-01T00:00:00Z'),
(gen_random_uuid()::text, 'u0000000-0000-4000-8000-000000060003', 'r0000000-0000-4000-8000-000000000004', TIMESTAMPTZ '2026-01-01T00:00:00Z'),
(gen_random_uuid()::text, 'u0000000-0000-4000-8000-000000060003', 'r0000000-0000-4000-8000-000000000012', TIMESTAMPTZ '2026-01-01T00:00:00Z')
ON CONFLICT ("UserId", "RoleId") DO NOTHING;

-- pickingtaskitem：备货补充拣货（与 EF 迁移 20260421100000_AddPickingTaskItemStockingSupplement 一致；已建库可幂等补齐）
ALTER TABLE IF EXISTS public.pickingtaskitem ADD COLUMN IF NOT EXISTS "IsStockingSupplement" boolean NOT NULL DEFAULT false;
COMMENT ON COLUMN public.pickingtaskitem."IsStockingSupplement" IS '备货补充拣货：true=按销单行型号品牌匹配的备货库存';

